<?xml version="1.0" encoding="utf-8" standalone="no"?><?xml-stylesheet href="lib/RFS_EDXL_simple.xsl" type="text/xsl"?>
<EDXLDistribution xmlns="urn:oasis:names:tc:emergency:EDXL:DE:1.0">
	<distributionID>RFSUniqueID:2015-12-30T01:16:44.5034025Z</distributionID>
	<senderID>webmaster@rfs.nsw.gov.au</senderID>
	<dateTimeSent>2015-12-30T12:16:44+11:00</dateTimeSent>
	<distributionStatus>Actual</distributionStatus>
	<distributionType>Report</distributionType>
	<combinedConfidentiality>UNCLASSIFIED AND NOT SENSITIVE</combinedConfidentiality>
	<language>en-AU</language>
	<targetArea>
		<subdivision>AU-NSW</subdivision>
	</targetArea>
	<contentObject>
		<contentDescription>Information on Belimbla Creek</contentDescription>
		<xmlContent>
			<embeddedXMLContent>
				<alert xmlns="urn:oasis:names:tc:emergency:cap:1.2">
					<identifier>2015-12-29T16:23:00.0000000:212120</identifier>
					<sender>webmaster@rfs.nsw.gov.au</sender>
					<sent>2015-12-29T16:23:00+11:00</sent>
					<status>Actual</status>
					<msgType>Alert</msgType>
					<scope>Public</scope>
					<code>urn:oasis:names:tc:emergency:cap:1.2:profile:CAP-AU:1.0</code>
					<incidents>212120</incidents>
					<info>
						<language>en-AU</language>
						<category>Fire</category>
						<event>Bushfire</event>
						<responseType>Monitor</responseType>
						<urgency>Expected</urgency>
						<severity>Moderate</severity>
						<certainty>Observed</certainty>
						<eventCode>
							<valueName>https://govshare.gov.au/xmlui/handle/10772/6495</valueName>
							<value>bushFire</value>
						</eventCode>
						<effective>2015-12-29T16:23:00+11:00</effective>
						<expires>2015-12-30T16:23:00+11:00</expires>
						<senderName>NSW Rural Fire Service</senderName>
						<headline>Belimbla Creek</headline>
						<description>ALERT LEVEL: Advice&lt;br /&gt;LOCATION: Belimbla creek Belowra&lt;br /&gt;COUNCIL AREA: Eurobodalla&lt;br /&gt;STATUS: Under control&lt;br /&gt;TYPE: Bush Fire&lt;br /&gt;FIRE: Yes&lt;br /&gt;SIZE: 15 ha&lt;br /&gt;RESPONSIBLE AGENCY: NSW National Parks and Wildlife Service&lt;br /&gt;UPDATED: 29 Dec 2015 16:23&lt;a href='http://www.rfs.nsw.gov.au/fire-information/fires-near-me' target='_blank'&gt; more&lt;/a&gt;</description>
						<instruction>A fire has started There is no immediate danger. Stay up to date in case the situation changes</instruction>
						<web>http://www.rfs.nsw.gov.au/fire-information/fires-near-me</web>
						<contact>webmaster@rfs.nsw.gov.au</contact>
						<parameter>
							<valueName>FuelType</valueName>
							<value>Forest</value>
						</parameter>
						<parameter>
							<valueName>Location</valueName>
							<value>Eurobodalla</value>
						</parameter>
						<parameter>
							<valueName>FireDangerClass</valueName>
							<value>1</value>
						</parameter>
						<parameter>
							<valueName>Status</valueName>
							<value>Bush Fire</value>
						</parameter>
						<parameter>
							<valueName>Fireground</valueName>
							<value>15 ha</value>
						</parameter>
						<parameter>
							<valueName>AllocatedResources</valueName>
							<value></value>
						</parameter>
						<parameter>
							<valueName>ControlAuthority</valueName>
							<value>NSW National Parks and Wildlife Service</value>
						</parameter>
						<parameter>
							<valueName>AlertLevel</valueName>
							<value>Advice</value>
						</parameter>
						<parameter>
							<valueName>CouncilArea</valueName>
							<value>Eurobodalla</value>
						</parameter>
						<parameter>
							<valueName>IncidentName</valueName>
							<value>Belimbla Creek</value>
						</parameter>
						<parameter>
							<valueName>Evacuation</valueName>
							<value></value>
						</parameter>
						<resource>
							<resourceDesc>map</resourceDesc>
							<mimeType>text/html</mimeType>
							<uri>http://www.rfs.nsw.gov.au/fire-information/fires-near-me</uri>
						</resource>
						<area>
							<areaDesc>Belimbla creek Belowra</areaDesc>
							<polygon>-36.1871288359999,149.778949116 -36.1874830369999,149.779010383 -36.187730361,149.778994755 -36.1880574959999,149.77894539 -36.1882158889999,149.778886422 -36.188364324,149.778919679 -36.1887695739999,149.778909635 -36.1892264369999,149.778803924 -36.189624645,149.778671767 -36.189932039,149.778621701 -36.190418797,149.778504859 -36.1909021609999,149.778534133 -36.1912050289999,149.778678894 -36.1914703969999,149.778737023 -36.1917462,149.778771149 -36.1917555009999,149.778630213 -36.1917869439999,149.778637336 -36.19181472,149.77863274 -36.191814613,149.776446577 -36.1917853309999,149.776451167 -36.191778971,149.77644397 -36.1917550969999,149.776260992 -36.191449964,149.776213653 -36.1911930529999,149.776216763 -36.1909445969999,149.776281107 -36.1906690759999,149.776234814 -36.190469691,149.776313078 -36.190261283,149.776354463 -36.1898963629999,149.776329385 -36.189511985,149.776291435 -36.189205439,149.776304979 -36.1888224739999,149.776206147 -36.18851734,149.776158811 -36.188301606,149.77609026 -36.188104198,149.776083288 -36.1878988989999,149.775990734 -36.187711362,149.775984111 -36.1877090099999,149.776054611 -36.187541306,149.776075594 -36.187391271,149.776155597 -36.187213323,149.776161497 -36.1870835949999,149.776217846 -36.186993349,149.776275588 -36.1868529029999,149.776368116 -36.1868503599999,149.776477702 -36.1869804739999,149.776623452 -36.1868992629999,149.776790194 -36.1869009669999,149.777150566 -36.1869961269999,149.777389996 -36.1870832399999,149.777542169 -36.187109107,149.777729453 -36.1871433059999,149.777991578 -36.187086934,149.778250501 -36.1869052129999,149.778268928 -36.186716024,149.77817527 -36.186507572,149.778043657 -36.186423374,149.77800082 -36.1863186699999,149.777937585 -36.186099289,149.777842861 -36.186096119,149.777979419 -36.186201916,149.778194373 -36.1863801769999,149.778324918 -36.1864483109999,149.778352549 -36.186516905,149.778500974 -36.186777181,149.778778265 -36.1871288359999,149.778949116</polygon>
							<circle>-36.1886890229999,149.777344556 0</circle>
							<geocode>
								<valueName>urn:oasis:names:tc:emergency:cap:1.2:profile:CAP-AU:1.0:ISO3166-2</valueName>
								<value>AU-NSW</value>
							</geocode>
						</area>
					</info>
				</alert>
			</embeddedXMLContent>
		</xmlContent>
	</contentObject>
	<contentObject>
		<contentDescription>Information on Brewon Rd, Walgett</contentDescription>
		<xmlContent>
			<embeddedXMLContent>
				<alert xmlns="urn:oasis:names:tc:emergency:cap:1.2">
					<identifier>2015-12-30T10:53:00.0000000:212817</identifier>
					<sender>webmaster@rfs.nsw.gov.au</sender>
					<sent>2015-12-30T10:53:00+11:00</sent>
					<status>Actual</status>
					<msgType>Alert</msgType>
					<scope>Public</scope>
					<code>urn:oasis:names:tc:emergency:cap:1.2:profile:CAP-AU:1.0</code>
					<incidents>212817</incidents>
					<info>
						<language>en-AU</language>
						<category>Fire</category>
						<event>Grass Fire</event>
						<responseType>Monitor</responseType>
						<urgency>Expected</urgency>
						<severity>Moderate</severity>
						<certainty>Observed</certainty>
						<eventCode>
							<valueName>https://govshare.gov.au/xmlui/handle/10772/6495</valueName>
							<value>grassFire</value>
						</eventCode>
						<effective>2015-12-30T10:53:00+11:00</effective>
						<expires>2015-12-31T10:53:00+11:00</expires>
						<senderName>NSW Rural Fire Service</senderName>
						<headline>Brewon Rd, Walgett</headline>
						<description>ALERT LEVEL: Advice&lt;br /&gt;LOCATION: Brewon Rd, Walgett, NSW 2832&lt;br /&gt;COUNCIL AREA: Walgett&lt;br /&gt;STATUS: Under control&lt;br /&gt;TYPE: Grass Fire&lt;br /&gt;FIRE: Yes&lt;br /&gt;SIZE: 0 ha&lt;br /&gt;RESPONSIBLE AGENCY: Rural Fire Service&lt;br /&gt;UPDATED: 30 Dec 2015 10:53&lt;a href='http://www.rfs.nsw.gov.au/fire-information/fires-near-me' target='_blank'&gt; more&lt;/a&gt;</description>
						<instruction>A fire has started There is no immediate danger. Stay up to date in case the situation changes</instruction>
						<web>http://www.rfs.nsw.gov.au/fire-information/fires-near-me</web>
						<contact>webmaster@rfs.nsw.gov.au</contact>
						<parameter>
							<valueName>FuelType</valueName>
							<value>Forest</value>
						</parameter>
						<parameter>
							<valueName>Location</valueName>
							<value>Walgett</value>
						</parameter>
						<parameter>
							<valueName>FireDangerClass</valueName>
							<value>1</value>
						</parameter>
						<parameter>
							<valueName>Status</valueName>
							<value>Grass Fire</value>
						</parameter>
						<parameter>
							<valueName>Fireground</valueName>
							<value>0 ha</value>
						</parameter>
						<parameter>
							<valueName>AllocatedResources</valueName>
							<value></value>
						</parameter>
						<parameter>
							<valueName>ControlAuthority</valueName>
							<value>Rural Fire Service</value>
						</parameter>
						<parameter>
							<valueName>AlertLevel</valueName>
							<value>Advice</value>
						</parameter>
						<parameter>
							<valueName>CouncilArea</valueName>
							<value>Walgett</value>
						</parameter>
						<parameter>
							<valueName>IncidentName</valueName>
							<value>Brewon Rd, Walgett</value>
						</parameter>
						<parameter>
							<valueName>Evacuation</valueName>
							<value></value>
						</parameter>
						<resource>
							<resourceDesc>map</resourceDesc>
							<mimeType>text/html</mimeType>
							<uri>http://www.rfs.nsw.gov.au/fire-information/fires-near-me</uri>
						</resource>
						<area>
							<areaDesc>Brewon Rd, Walgett, NSW 2832</areaDesc>
							<circle>-30.095831061,147.522010804 0</circle>
							<geocode>
								<valueName>urn:oasis:names:tc:emergency:cap:1.2:profile:CAP-AU:1.0:ISO3166-2</valueName>
								<value>AU-NSW</value>
							</geocode>
						</area>
					</info>
				</alert>
			</embeddedXMLContent>
		</xmlContent>
	</contentObject>
	<contentObject>
		<contentDescription>Information on Devlin Rd, Castlereagh</contentDescription>
		<xmlContent>
			<embeddedXMLContent>
				<alert xmlns="urn:oasis:names:tc:emergency:cap:1.2">
					<identifier>2015-12-29T19:47:00.0000000:212750</identifier>
					<sender>webmaster@rfs.nsw.gov.au</sender>
					<sent>2015-12-29T19:47:00+11:00</sent>
					<status>Actual</status>
					<msgType>Alert</msgType>
					<scope>Public</scope>
					<code>urn:oasis:names:tc:emergency:cap:1.2:profile:CAP-AU:1.0</code>
					<incidents>212750</incidents>
					<info>
						<language>en-AU</language>
						<category>Fire</category>
						<event>Grass Fire</event>
						<responseType>Monitor</responseType>
						<urgency>Expected</urgency>
						<severity>Moderate</severity>
						<certainty>Observed</certainty>
						<eventCode>
							<valueName>https://govshare.gov.au/xmlui/handle/10772/6495</valueName>
							<value>grassFire</value>
						</eventCode>
						<effective>2015-12-29T19:47:00+11:00</effective>
						<expires>2015-12-30T19:47:00+11:00</expires>
						<senderName>NSW Rural Fire Service</senderName>
						<headline>Devlin Rd, Castlereagh</headline>
						<description>ALERT LEVEL: Advice&lt;br /&gt;LOCATION: Devlin Rd, Castlereagh, NSW 2749&lt;br /&gt;COUNCIL AREA: Penrith&lt;br /&gt;STATUS: Under control&lt;br /&gt;TYPE: Grass Fire&lt;br /&gt;FIRE: Yes&lt;br /&gt;SIZE: 0 ha&lt;br /&gt;RESPONSIBLE AGENCY: Rural Fire Service&lt;br /&gt;UPDATED: 29 Dec 2015 19:47&lt;a href='http://www.rfs.nsw.gov.au/fire-information/fires-near-me' target='_blank'&gt; more&lt;/a&gt;</description>
						<instruction>A fire has started There is no immediate danger. Stay up to date in case the situation changes</instruction>
						<web>http://www.rfs.nsw.gov.au/fire-information/fires-near-me</web>
						<contact>webmaster@rfs.nsw.gov.au</contact>
						<parameter>
							<valueName>FuelType</valueName>
							<value>Forest</value>
						</parameter>
						<parameter>
							<valueName>Location</valueName>
							<value>Penrith</value>
						</parameter>
						<parameter>
							<valueName>FireDangerClass</valueName>
							<value>1</value>
						</parameter>
						<parameter>
							<valueName>Status</valueName>
							<value>Grass Fire</value>
						</parameter>
						<parameter>
							<valueName>Fireground</valueName>
							<value>0 ha</value>
						</parameter>
						<parameter>
							<valueName>AllocatedResources</valueName>
							<value></value>
						</parameter>
						<parameter>
							<valueName>ControlAuthority</valueName>
							<value>Rural Fire Service</value>
						</parameter>
						<parameter>
							<valueName>AlertLevel</valueName>
							<value>Advice</value>
						</parameter>
						<parameter>
							<valueName>CouncilArea</valueName>
							<value>Penrith</value>
						</parameter>
						<parameter>
							<valueName>IncidentName</valueName>
							<value>Devlin Rd, Castlereagh</value>
						</parameter>
						<parameter>
							<valueName>Evacuation</valueName>
							<value></value>
						</parameter>
						<resource>
							<resourceDesc>map</resourceDesc>
							<mimeType>text/html</mimeType>
							<uri>http://www.rfs.nsw.gov.au/fire-information/fires-near-me</uri>
						</resource>
						<area>
							<areaDesc>Devlin Rd, Castlereagh, NSW 2749</areaDesc>
							<circle>-33.6543689999999,150.672804999 0</circle>
							<geocode>
								<valueName>urn:oasis:names:tc:emergency:cap:1.2:profile:CAP-AU:1.0:ISO3166-2</valueName>
								<value>AU-NSW</value>
							</geocode>
						</area>
					</info>
				</alert>
			</embeddedXMLContent>
		</xmlContent>
	</contentObject>
	<contentObject>
		<contentDescription>Information on Gold Mine Road Yambulla</contentDescription>
		<xmlContent>
			<embeddedXMLContent>
				<alert xmlns="urn:oasis:names:tc:emergency:cap:1.2">
					<identifier>2015-12-30T09:53:00.0000000:212061</identifier>
					<sender>webmaster@rfs.nsw.gov.au</sender>
					<sent>2015-12-30T09:53:00+11:00</sent>
					<status>Actual</status>
					<msgType>Alert</msgType>
					<scope>Public</scope>
					<code>urn:oasis:names:tc:emergency:cap:1.2:profile:CAP-AU:1.0</code>
					<incidents>212061</incidents>
					<info>
						<language>en-AU</language>
						<category>Fire</category>
						<event>Bushfire</event>
						<responseType>Monitor</responseType>
						<urgency>Expected</urgency>
						<severity>Moderate</severity>
						<certainty>Observed</certainty>
						<eventCode>
							<valueName>https://govshare.gov.au/xmlui/handle/10772/6495</valueName>
							<value>bushFire</value>
						</eventCode>
						<effective>2015-12-30T09:53:00+11:00</effective>
						<expires>2015-12-31T09:53:00+11:00</expires>
						<senderName>NSW Rural Fire Service</senderName>
						<headline>Gold Mine Road Yambulla</headline>
						<description>ALERT LEVEL: Advice&lt;br /&gt;LOCATION: gold mine road yambulla&lt;br /&gt;COUNCIL AREA: Bega Valley&lt;br /&gt;STATUS: Under control&lt;br /&gt;TYPE: Bush Fire&lt;br /&gt;FIRE: Yes&lt;br /&gt;SIZE: 2500 ha&lt;br /&gt;RESPONSIBLE AGENCY: Forest Corporation of NSW&lt;br /&gt;UPDATED: 30 Dec 2015 09:53&lt;a href='http://www.rfs.nsw.gov.au/fire-information/fires-near-me' target='_blank'&gt; more&lt;/a&gt;</description>
						<instruction>A fire has started There is no immediate danger. Stay up to date in case the situation changes</instruction>
						<web>http://www.rfs.nsw.gov.au/fire-information/fires-near-me</web>
						<contact>webmaster@rfs.nsw.gov.au</contact>
						<parameter>
							<valueName>FuelType</valueName>
							<value>Forest</value>
						</parameter>
						<parameter>
							<valueName>Location</valueName>
							<value>Bega Valley</value>
						</parameter>
						<parameter>
							<valueName>FireDangerClass</valueName>
							<value>1</value>
						</parameter>
						<parameter>
							<valueName>Status</valueName>
							<value>Bush Fire</value>
						</parameter>
						<parameter>
							<valueName>Fireground</valueName>
							<value>2500 ha</value>
						</parameter>
						<parameter>
							<valueName>AllocatedResources</valueName>
							<value></value>
						</parameter>
						<parameter>
							<valueName>ControlAuthority</valueName>
							<value>Forest Corporation of NSW</value>
						</parameter>
						<parameter>
							<valueName>AlertLevel</valueName>
							<value>Advice</value>
						</parameter>
						<parameter>
							<valueName>CouncilArea</valueName>
							<value>Bega Valley</value>
						</parameter>
						<parameter>
							<valueName>IncidentName</valueName>
							<value>Gold Mine Road Yambulla</value>
						</parameter>
						<parameter>
							<valueName>Evacuation</valueName>
							<value></value>
						</parameter>
						<resource>
							<resourceDesc>map</resourceDesc>
							<mimeType>text/html</mimeType>
							<uri>http://www.rfs.nsw.gov.au/fire-information/fires-near-me</uri>
						</resource>
						<area>
							<areaDesc>gold mine road yambulla</areaDesc>
							<polygon>-37.234926225,149.585882187 -37.2349777229999,149.586187363 -37.23495102,149.586774826 -37.235155107,149.587232589 -37.235563279,149.58774376 -37.2359962479999,149.587820054 -37.236555102,149.587945937 -37.236938477,149.588277818 -37.2374725349999,149.588277818 -37.237802507,149.588022232 -37.237726212,149.587232589 -37.2374973309999,149.585985183 -37.2371673599999,149.585092545 -37.237014771,149.584280014 -37.236988068,149.583898544 -37.2364292149999,149.583387375 -37.235712458,149.583672824 -37.235243049,149.584592526 -37.235129096,149.584728429 -37.235223258,149.584631302 -37.234874727,149.585119247 -37.234926225,149.585882187</polygon>
							<polygon>-37.185612509,149.556792867 -37.18576446,149.556332095 -37.185521399,149.556079856 -37.1852395139999,149.55598161 -37.184988318,149.556106252 -37.184768768,149.556409442 -37.184658035,149.556605374 -37.184655162,149.556738389 -37.1848287079999,149.556921724 -37.1850401209999,149.556995412 -37.1853934339999,149.557073888 -37.185612509,149.556792867</polygon>
							<polygon>-37.185505543,149.555169718 -37.1856699639999,149.554953405 -37.185621536,149.554729917 -37.185483462,149.55454778 -37.18530513,149.554586141 -37.1851920089999,149.554892924 -37.1852413949999,149.555072071 -37.185363643,149.555164934 -37.185505543,149.555169718</polygon>
							<polygon>-37.187708303,149.554267789 -37.1877332139999,149.553935837 -37.187669436,149.553600896 -37.1873885059999,149.553458313 -37.187261953,149.553564979 -37.187112879,149.553892747 -37.187160354,149.554160579 -37.18726343,149.554319356 -37.1874566299999,149.55441461 -37.187708303,149.554267789</polygon>
							<polygon>-37.1863959899999,149.550917885 -37.186578621,149.550679986 -37.1865153099999,149.550322883 -37.186360924,149.550073645 -37.186009514,149.549906523 -37.1859141429999,149.550213914 -37.185894973,149.550279825 -37.1859966219999,149.550505103 -37.186133269,149.550753743 -37.1863959899999,149.550917885</polygon>
							<polygon>-37.188384196,149.553380929 -37.188567787,149.553098691 -37.188377454,149.552870416 -37.1881449539999,149.552951329 -37.1879651899999,149.553056205 -37.187958018,149.553388757 -37.1879551489999,149.553521776 -37.188203953,149.553507974 -37.188384196,149.553380929</polygon>
							<polygon>-37.18889644,149.550203331 -37.189166324,149.550034921 -37.1891547939999,149.549746106 -37.18894433,149.549628093 -37.188730047,149.549687442 -37.188514809,149.549791133 -37.188365268,149.550141085 -37.1884165709999,149.550231556 -37.188537869,149.550368756 -37.1887339369999,149.550330981 -37.18889644,149.550203331</polygon>
							<polygon>-37.187108601,149.544197325 -37.1871320559999,149.543931881 -37.1870270589999,149.543861799 -37.186847777,149.543944526 -37.1868089669999,149.544098524 -37.186894797,149.54423452 -37.186912058,149.544257286 -37.187108601,149.544197325</polygon>
							<polygon>-37.140271976,149.612753571 -37.141441178,149.614279447 -37.141443812,149.616135076 -37.14103491,149.616461447 -37.141428673,149.616165664 -37.1409669459999,149.617098485 -37.1416266379999,149.618988989 -37.1436368939999,149.614384572 -37.1448255299999,149.614544649 -37.146593852,149.614367276 -37.151102825,149.611007722 -37.158072036,149.606361999 -37.161038971,149.603723149 -37.1632408259999,149.601177032 -37.165130586,149.599811784 -37.166230479,149.599670725 -37.1675829989999,149.598882861 -37.1716097199999,149.600210936 -37.1725233409999,149.599703583 -37.173894725,149.599703586 -37.174554669,149.598685065 -37.177024585,149.599622471 -37.179088114,149.599678497 -37.1799829029999,149.598992043 -37.1818708549999,149.599854351 -37.1839812819999,149.600306935 -37.185415749,149.600024168 -37.188217009,149.595434974 -37.1930406939999,149.592337458 -37.1941583999999,149.592440457 -37.195682372,149.593252987 -37.1974600199999,149.592745636 -37.1986788139999,149.593302582 -37.20096382,149.592287879 -37.205179067,149.584921732 -37.2076185669999,149.583907029 -37.212646338,149.582484158 -37.2136610479999,149.581873809 -37.214320991,149.580553932 -37.215032433,149.580302162 -37.228490684,149.578982303 -37.229202125,149.579489658 -37.2328089219999,149.578776314 -37.2345961469999,149.575672327 -37.235028858,149.575947749 -37.2360472669999,149.575502655 -37.236075693,149.575027022 -37.236366897,149.574750095 -37.2363020069999,149.574176283 -37.234767152,149.572794766 -37.235152134,149.572592201 -37.235705831,149.571560943 -37.2376808139999,149.570906985 -37.2384587349999,149.570097022 -37.2390339199999,149.570877165 -37.2395321889999,149.570725721 -37.240441195,149.569062011 -37.2407999499999,149.567286041 -37.240273438,149.566936281 -37.239550929,149.566866418 -37.239228539,149.567761909 -37.2383173659999,149.568567802 -37.2372888419999,149.568559992 -37.2364422709999,149.568986637 -37.235851622,149.568992293 -37.236104424,149.567761147 -37.2360154639999,149.56647184 -37.2355019029999,149.566432232 -37.2344932729999,149.563470767 -37.2338052119999,149.562615779 -37.233464969,149.561509406 -37.2327930279999,149.561774689 -37.2324998989999,149.558263516 -37.231982214,149.55746146 -37.232230715,149.556444627 -37.23015473,149.554475186 -37.230206659,149.550238369 -37.2294049989999,149.549721689 -37.228683668,149.550130339 -37.228199166,149.551007646 -37.227317152,149.550826896 -37.226794287,149.551149305 -37.2248683729999,149.550259933 -37.2242729559999,149.550518598 -37.2239317839999,149.550354378 -37.2240199409999,149.549618817 -37.223206869,149.549686277 -37.222484951,149.548864479 -37.221888346,149.54666233 -37.2211779429999,149.545561842 -37.2210152879999,149.544759386 -37.2182825899999,149.542971667 -37.2184866769999,149.540278501 -37.2177237409999,149.539465973 -37.216810123,149.536723212 -37.2131537399999,149.533118329 -37.212493799,149.531695453 -37.211934949,149.528700924 -37.2082785659999,149.524283514 -37.206653506,149.52382575 -37.204925448,149.523825747 -37.202691941,149.524485684 -37.199441819,149.525908558 -37.19669905,149.527888374 -37.1939047829999,149.529513426 -37.193498513,149.534033826 -37.1914671869999,149.535658879 -37.188775914,149.539671921 -37.1887938049999,149.546241643 -37.189425586,149.546799317 -37.190434314,149.549783714 -37.1910795479999,149.549716014 -37.1931933239999,149.547236448 -37.1944636179999,149.54850674 -37.19959248,149.547137275 -37.200254327,149.54957486 -37.200101735,149.554095259 -37.1996954649999,149.559222196 -37.198932525,149.560339896 -37.1970022859999,149.562220533 -37.193446987,149.563136052 -37.1898935949999,149.565977986 -37.187150827,149.56679051 -37.184203973,149.568163792 -37.1774500449999,149.574713595 -37.175721987,149.575781703 -37.174859864,149.577711932 -37.1754944959999,149.580603736 -37.174594955,149.580933079 -37.1740731049999,149.582032955 -37.1733392519999,149.581720312 -37.171991673,149.58190051 -37.171671889,149.582682858 -37.1720326069999,149.58367637 -37.171955453,149.584371146 -37.171234738,149.584269639 -37.170618953,149.585095533 -37.1696560519999,149.585234853 -37.16949772,149.585546839 -37.1700311129999,149.586783344 -37.168750331,149.586791237 -37.168323492,149.587855412 -37.1684905339999,149.588383434 -37.166460862,149.588431487 -37.165691653,149.588217545 -37.1661310539999,149.586520054 -37.1657986439999,149.586018621 -37.165183183,149.586363976 -37.164490036,149.588069436 -37.1567781869999,149.592386997 -37.1553572129999,149.592539581 -37.1546457709999,149.592898161 -37.15454468,149.59401205 -37.153222888,149.59553792 -37.152259675,149.595690507 -37.151090471,149.595282334 -37.150482027,149.595587508 -37.1490591419999,149.597975496 -37.147875889,149.601713269 -37.146656516,149.603474628 -37.1414340499999,149.604113537 -37.140934025,149.604474663 -37.1408308319999,149.609251691 -37.140424567,149.61072416 -37.140628649,149.610926338 -37.140271976,149.612753571</polygon>
							<polygon>-37.235921935,149.604596237 -37.236520624,149.604997998 -37.236775957,149.604731771 -37.23667977,149.60520997 -37.237295811,149.605736625 -37.23781508,149.605707866 -37.238233238,149.605598872 -37.2385205149999,149.605357327 -37.238730163,149.605145473 -37.239282671,149.605252638 -37.239739686,149.604740176 -37.239634582,149.604345071 -37.239726425,149.603859753 -37.2400257529999,149.603528648 -37.240300841,149.603383061 -37.240171747,149.603160639 -37.2404859759999,149.603112623 -37.2406741789999,149.602688116 -37.2408074759999,149.602441754 -37.241088717,149.602244969 -37.241293211,149.601776001 -37.241336297,149.601417625 -37.241570705,149.601251491 -37.241805369,149.601072518 -37.2416230119999,149.600687848 -37.2415596989999,149.599998556 -37.2415242609999,149.599714816 -37.2417784039999,149.598899639 -37.242272968,149.598318261 -37.242334527,149.597296088 -37.2419930729999,149.596990766 -37.241467085,149.596782852 -37.240848322,149.597389841 -37.241040002,149.598117811 -37.2406700559999,149.598356794 -37.2401769259999,149.598569837 -37.239766238,149.599080136 -37.2395454329999,149.59922992 -37.239443643,149.59929897 -37.23928857,149.599404164 -37.2394103089999,149.59979842 -37.23894324,149.600181712 -37.238718647,149.599924232 -37.2381859669999,149.600644365 -37.237492834,149.600843794 -37.237104146,149.600544371 -37.236738171,149.600879226 -37.2361303009999,149.601825372 -37.235969623,149.602203448 -37.2360247129999,149.602986068 -37.235849177,149.603518388 -37.235705273,149.603941186 -37.235921935,149.604596237</polygon>
							<polygon>-37.183548474,149.605382922 -37.183778557,149.604609654 -37.183736703,149.601815834 -37.1830765289999,149.601161176 -37.1814490749999,149.600573981 -37.1809691459999,149.603561232 -37.1809593849999,149.603621987 -37.1805913229999,149.605912621 -37.18156081,149.606223317 -37.183548474,149.605382922</polygon>
							<circle>-37.1477211449999,149.610036151 0</circle>
							<geocode>
								<valueName>urn:oasis:names:tc:emergency:cap:1.2:profile:CAP-AU:1.0:ISO3166-2</valueName>
								<value>AU-NSW</value>
							</geocode>
						</area>
					</info>
				</alert>
			</embeddedXMLContent>
		</xmlContent>
	</contentObject>
	<contentObject>
		<contentDescription>Information on Granuaille Mountain</contentDescription>
		<xmlContent>
			<embeddedXMLContent>
				<alert xmlns="urn:oasis:names:tc:emergency:cap:1.2">
					<identifier>2015-12-30T10:05:00.0000000:211598</identifier>
					<sender>webmaster@rfs.nsw.gov.au</sender>
					<sent>2015-12-30T10:05:00+11:00</sent>
					<status>Actual</status>
					<msgType>Alert</msgType>
					<scope>Public</scope>
					<code>urn:oasis:names:tc:emergency:cap:1.2:profile:CAP-AU:1.0</code>
					<incidents>211598</incidents>
					<info>
						<language>en-AU</language>
						<category>Fire</category>
						<event>Bushfire</event>
						<responseType>Monitor</responseType>
						<urgency>Expected</urgency>
						<severity>Moderate</severity>
						<certainty>Observed</certainty>
						<eventCode>
							<valueName>https://govshare.gov.au/xmlui/handle/10772/6495</valueName>
							<value>bushFire</value>
						</eventCode>
						<effective>2015-12-30T10:05:00+11:00</effective>
						<expires>2015-12-31T10:05:00+11:00</expires>
						<senderName>NSW Rural Fire Service</senderName>
						<headline>Granuaille Mountain</headline>
						<description>ALERT LEVEL: Advice&lt;br /&gt;LOCATION: Granuaille Mountain&lt;br /&gt;COUNCIL AREA: Tumbarumba&lt;br /&gt;STATUS: Under control&lt;br /&gt;TYPE: Bush Fire&lt;br /&gt;FIRE: Yes&lt;br /&gt;SIZE: 218 ha&lt;br /&gt;RESPONSIBLE AGENCY: NSW National Parks and Wildlife Service&lt;br /&gt;UPDATED: 30 Dec 2015 10:05&lt;a href='http://www.rfs.nsw.gov.au/fire-information/fires-near-me' target='_blank'&gt; more&lt;/a&gt;</description>
						<instruction>A fire has started There is no immediate danger. Stay up to date in case the situation changes</instruction>
						<web>http://www.rfs.nsw.gov.au/fire-information/fires-near-me</web>
						<contact>webmaster@rfs.nsw.gov.au</contact>
						<parameter>
							<valueName>FuelType</valueName>
							<value>Forest</value>
						</parameter>
						<parameter>
							<valueName>Location</valueName>
							<value>Tumbarumba</value>
						</parameter>
						<parameter>
							<valueName>FireDangerClass</valueName>
							<value>1</value>
						</parameter>
						<parameter>
							<valueName>Status</valueName>
							<value>Bush Fire</value>
						</parameter>
						<parameter>
							<valueName>Fireground</valueName>
							<value>218 ha</value>
						</parameter>
						<parameter>
							<valueName>AllocatedResources</valueName>
							<value></value>
						</parameter>
						<parameter>
							<valueName>ControlAuthority</valueName>
							<value>NSW National Parks and Wildlife Service</value>
						</parameter>
						<parameter>
							<valueName>AlertLevel</valueName>
							<value>Advice</value>
						</parameter>
						<parameter>
							<valueName>CouncilArea</valueName>
							<value>Tumbarumba</value>
						</parameter>
						<parameter>
							<valueName>IncidentName</valueName>
							<value>Granuaille Mountain</value>
						</parameter>
						<parameter>
							<valueName>Evacuation</valueName>
							<value></value>
						</parameter>
						<resource>
							<resourceDesc>map</resourceDesc>
							<mimeType>text/html</mimeType>
							<uri>http://www.rfs.nsw.gov.au/fire-information/fires-near-me</uri>
						</resource>
						<area>
							<areaDesc>Granuaille Mountain</areaDesc>
							<polygon>-36.438297925,148.12092859 -36.438739477,148.119192514 -36.4384760579999,148.120059987 -36.438297925,148.12092859</polygon>
							<polygon>-36.42813652,148.12331922 -36.428503581,148.123823722 -36.4286095799999,148.124056868 -36.428026325,148.123454649 -36.4285264989999,148.124326875 -36.428234646,148.124951767 -36.428452587,148.125426741 -36.428897741,148.125913819 -36.428953819,148.126115525 -36.429210091,148.126260927 -36.429306931,148.126250355 -36.431265627,148.127000847 -36.4331058879999,148.128700868 -36.433369522,148.129458034 -36.434099783,148.131009015 -36.434476505,148.132053091 -36.4348239349999,148.133201778 -36.434750176,148.136001455 -36.43486043,148.136306477 -36.435951013,148.136649137 -36.4361335789999,148.137281979 -36.436143984,148.138169051 -36.436291576,148.139501588 -36.43564064,148.140519024 -36.435536542,148.141544453 -36.435813254,148.142190353 -36.436279253,148.142324172 -36.436748564,148.142903854 -36.4367617509999,148.143409902 -36.4365972219999,148.144270412 -36.436043049,148.145645921 -36.4384963319999,148.145264993 -36.438810138,148.145091149 -36.439009257,148.144880016 -36.439200904,148.144609033 -36.4394130819999,148.144134483 -36.439729701,148.14392 -36.4399515009999,148.1437026 -36.440046901,148.143519499 -36.440384288,148.142701371 -36.4405116679999,148.142547638 -36.4404860829999,148.142112719 -36.4403863169999,148.141913187 -36.4403823,148.141719301 -36.440497701,148.1411187 -36.440643371,148.140697475 -36.440921003,148.140475369 -36.441202421,148.139810197 -36.4415350089999,148.139477609 -36.44176526,148.138965939 -36.441944346,148.138224017 -36.4418931779999,148.137638217 -36.4419894009999,148.1372603 -36.4419862459999,148.137023887 -36.4421490129999,148.136893671 -36.442456017,148.136382 -36.4422257649999,148.136074998 -36.4418420109999,148.136074997 -36.4417394,148.1357632 -36.441422689,148.135497125 -36.441253589,148.135281907 -36.44097217,148.134821402 -36.440921003,148.134258563 -36.4411256719999,148.133772476 -36.441714092,148.133516641 -36.4422513489999,148.132928218 -36.442660685,148.132186295 -36.442890937,148.13149554 -36.442660686,148.130907117 -36.4418797339999,148.130351989 -36.4419623009999,148.1296152 -36.4419494009999,148.1285152 -36.4419975009999,148.1279776 -36.441996101,148.127743399 -36.4418778249999,148.127478936 -36.441969929,148.127018415 -36.441560593,148.126532328 -36.441023338,148.126250909 -36.4407163349999,148.125918322 -36.440588416,148.125432234 -36.439760631,148.124881858 -36.439557201,148.1243016 -36.439578701,148.123961501 -36.4398222999999,148.1233869 -36.439895001,148.1230683 -36.439882401,148.1226978 -36.439641825,148.12195287 -36.439053402,148.121313282 -36.438674173,148.121065428 -36.439167012,148.118481934 -36.439206666,148.118428661 -36.439270101,148.118448203 -36.4395467109999,148.117964843 -36.4394464,148.117167435 -36.438750796,148.117025549 -36.437093321,148.116539247 -36.436181566,148.116404795 -36.435696376,148.11691879 -36.435053792,148.116843952 -36.434037748,148.116565165 -36.4337568779999,148.116749966 -36.4339131249999,148.116798091 -36.432738882,148.117661438 -36.4326405969999,148.118026389 -36.4319833019999,148.118594349 -36.431508322,148.118866566 -36.4309789549999,148.118957666 -36.430571297,148.119242558 -36.4302083429999,148.119290528 -36.429570374,148.119826197 -36.429259933,148.119687557 -36.428361997,148.119906313 -36.428008333,148.120546544 -36.427959261,148.121119008 -36.427609688,148.121393625 -36.427519815,148.121920221 -36.4276843599999,148.122110932 -36.42813652,148.12331922</polygon>
							<circle>-36.4384088419999,148.128490448 0</circle>
							<geocode>
								<valueName>urn:oasis:names:tc:emergency:cap:1.2:profile:CAP-AU:1.0:ISO3166-2</valueName>
								<value>AU-NSW</value>
							</geocode>
						</area>
					</info>
				</alert>
			</embeddedXMLContent>
		</xmlContent>
	</contentObject>
	<contentObject>
		<contentDescription>Information on Murray Valley National Park, Mathoura</contentDescription>
		<xmlContent>
			<embeddedXMLContent>
				<alert xmlns="urn:oasis:names:tc:emergency:cap:1.2">
					<identifier>2015-12-29T11:12:00.0000000:212709</identifier>
					<sender>webmaster@rfs.nsw.gov.au</sender>
					<sent>2015-12-29T11:12:00+11:00</sent>
					<status>Actual</status>
					<msgType>Alert</msgType>
					<scope>Public</scope>
					<code>urn:oasis:names:tc:emergency:cap:1.2:profile:CAP-AU:1.0</code>
					<incidents>212709</incidents>
					<info>
						<language>en-AU</language>
						<category>Fire</category>
						<event>Bushfire</event>
						<responseType>Monitor</responseType>
						<urgency>Expected</urgency>
						<severity>Moderate</severity>
						<certainty>Observed</certainty>
						<eventCode>
							<valueName>https://govshare.gov.au/xmlui/handle/10772/6495</valueName>
							<value>bushFire</value>
						</eventCode>
						<effective>2015-12-29T11:12:00+11:00</effective>
						<expires>2015-12-30T11:12:00+11:00</expires>
						<senderName>NSW Rural Fire Service</senderName>
						<headline>Murray Valley National Park, Mathoura</headline>
						<description>ALERT LEVEL: Advice&lt;br /&gt;LOCATION: Porters Creek Rd, Mathoura, NSW 2710&lt;br /&gt;COUNCIL AREA: Murray&lt;br /&gt;STATUS: Under control&lt;br /&gt;TYPE: Bush Fire&lt;br /&gt;FIRE: Yes&lt;br /&gt;SIZE: 13 ha&lt;br /&gt;RESPONSIBLE AGENCY: Rural Fire Service&lt;br /&gt;UPDATED: 29 Dec 2015 11:12&lt;a href='http://www.rfs.nsw.gov.au/fire-information/fires-near-me' target='_blank'&gt; more&lt;/a&gt;</description>
						<instruction>A fire has started There is no immediate danger. Stay up to date in case the situation changes</instruction>
						<web>http://www.rfs.nsw.gov.au/fire-information/fires-near-me</web>
						<contact>webmaster@rfs.nsw.gov.au</contact>
						<parameter>
							<valueName>FuelType</valueName>
							<value>Forest</value>
						</parameter>
						<parameter>
							<valueName>Location</valueName>
							<value>Murray</value>
						</parameter>
						<parameter>
							<valueName>FireDangerClass</valueName>
							<value>1</value>
						</parameter>
						<parameter>
							<valueName>Status</valueName>
							<value>Bush Fire</value>
						</parameter>
						<parameter>
							<valueName>Fireground</valueName>
							<value>13 ha</value>
						</parameter>
						<parameter>
							<valueName>AllocatedResources</valueName>
							<value></value>
						</parameter>
						<parameter>
							<valueName>ControlAuthority</valueName>
							<value>Rural Fire Service</value>
						</parameter>
						<parameter>
							<valueName>AlertLevel</valueName>
							<value>Advice</value>
						</parameter>
						<parameter>
							<valueName>CouncilArea</valueName>
							<value>Murray</value>
						</parameter>
						<parameter>
							<valueName>IncidentName</valueName>
							<value>Murray Valley National Park, Mathoura</value>
						</parameter>
						<parameter>
							<valueName>Evacuation</valueName>
							<value></value>
						</parameter>
						<resource>
							<resourceDesc>map</resourceDesc>
							<mimeType>text/html</mimeType>
							<uri>http://www.rfs.nsw.gov.au/fire-information/fires-near-me</uri>
						</resource>
						<area>
							<areaDesc>Porters Creek Rd, Mathoura, NSW 2710</areaDesc>
							<circle>-35.814750763,145.009739679 0</circle>
							<geocode>
								<valueName>urn:oasis:names:tc:emergency:cap:1.2:profile:CAP-AU:1.0:ISO3166-2</valueName>
								<value>AU-NSW</value>
							</geocode>
						</area>
					</info>
				</alert>
			</embeddedXMLContent>
		</xmlContent>
	</contentObject>
	<contentObject>
		<contentDescription>Information on Nullica State Forest</contentDescription>
		<xmlContent>
			<embeddedXMLContent>
				<alert xmlns="urn:oasis:names:tc:emergency:cap:1.2">
					<identifier>2015-12-30T09:16:00.0000000:212681</identifier>
					<sender>webmaster@rfs.nsw.gov.au</sender>
					<sent>2015-12-30T09:16:00+11:00</sent>
					<status>Actual</status>
					<msgType>Alert</msgType>
					<scope>Public</scope>
					<code>urn:oasis:names:tc:emergency:cap:1.2:profile:CAP-AU:1.0</code>
					<incidents>212681</incidents>
					<info>
						<language>en-AU</language>
						<category>Fire</category>
						<event>Bushfire</event>
						<responseType>Monitor</responseType>
						<urgency>Expected</urgency>
						<severity>Moderate</severity>
						<certainty>Observed</certainty>
						<eventCode>
							<valueName>https://govshare.gov.au/xmlui/handle/10772/6495</valueName>
							<value>bushFire</value>
						</eventCode>
						<effective>2015-12-30T09:16:00+11:00</effective>
						<expires>2015-12-31T09:16:00+11:00</expires>
						<senderName>NSW Rural Fire Service</senderName>
						<headline>Nullica State Forest</headline>
						<description>ALERT LEVEL: Advice&lt;br /&gt;LOCATION: Princes Hwy, Boydtown, NSW 2551&lt;br /&gt;COUNCIL AREA: Bega Valley&lt;br /&gt;STATUS: Under control&lt;br /&gt;TYPE: Bush Fire&lt;br /&gt;FIRE: Yes&lt;br /&gt;SIZE: 1 ha&lt;br /&gt;RESPONSIBLE AGENCY: Forest Corporation of NSW&lt;br /&gt;UPDATED: 30 Dec 2015 09:16&lt;a href='http://www.rfs.nsw.gov.au/fire-information/fires-near-me' target='_blank'&gt; more&lt;/a&gt;</description>
						<instruction>A fire has started There is no immediate danger. Stay up to date in case the situation changes</instruction>
						<web>http://www.rfs.nsw.gov.au/fire-information/fires-near-me</web>
						<contact>webmaster@rfs.nsw.gov.au</contact>
						<parameter>
							<valueName>FuelType</valueName>
							<value>Forest</value>
						</parameter>
						<parameter>
							<valueName>Location</valueName>
							<value>Bega Valley</value>
						</parameter>
						<parameter>
							<valueName>FireDangerClass</valueName>
							<value>1</value>
						</parameter>
						<parameter>
							<valueName>Status</valueName>
							<value>Bush Fire</value>
						</parameter>
						<parameter>
							<valueName>Fireground</valueName>
							<value>1 ha</value>
						</parameter>
						<parameter>
							<valueName>AllocatedResources</valueName>
							<value></value>
						</parameter>
						<parameter>
							<valueName>ControlAuthority</valueName>
							<value>Forest Corporation of NSW</value>
						</parameter>
						<parameter>
							<valueName>AlertLevel</valueName>
							<value>Advice</value>
						</parameter>
						<parameter>
							<valueName>CouncilArea</valueName>
							<value>Bega Valley</value>
						</parameter>
						<parameter>
							<valueName>IncidentName</valueName>
							<value>Nullica State Forest</value>
						</parameter>
						<parameter>
							<valueName>Evacuation</valueName>
							<value></value>
						</parameter>
						<resource>
							<resourceDesc>map</resourceDesc>
							<mimeType>text/html</mimeType>
							<uri>http://www.rfs.nsw.gov.au/fire-information/fires-near-me</uri>
						</resource>
						<area>
							<areaDesc>Princes Hwy, Boydtown, NSW 2551</areaDesc>
							<polygon>-37.090598734,149.834215188 -37.0906463229999,149.833953448 -37.090622529,149.833846372 -37.090539248,149.833620323 -37.090313199,149.833525145 -37.089968176,149.833572734 -37.0897778199999,149.83385827 -37.0898016149999,149.834048626 -37.090039561,149.834369854 -37.090229918,149.834488826 -37.090467863,149.834393648 -37.090598734,149.834215188</polygon>
							<circle>-37.0900276639999,149.834024832 0</circle>
							<geocode>
								<valueName>urn:oasis:names:tc:emergency:cap:1.2:profile:CAP-AU:1.0:ISO3166-2</valueName>
								<value>AU-NSW</value>
							</geocode>
						</area>
					</info>
				</alert>
			</embeddedXMLContent>
		</xmlContent>
	</contentObject>
	<contentObject>
		<contentDescription>Information on Roadies Spur Fire</contentDescription>
		<xmlContent>
			<embeddedXMLContent>
				<alert xmlns="urn:oasis:names:tc:emergency:cap:1.2">
					<identifier>2015-12-30T10:24:00.0000000:211650</identifier>
					<sender>webmaster@rfs.nsw.gov.au</sender>
					<sent>2015-12-30T10:24:00+11:00</sent>
					<status>Actual</status>
					<msgType>Alert</msgType>
					<scope>Public</scope>
					<code>urn:oasis:names:tc:emergency:cap:1.2:profile:CAP-AU:1.0</code>
					<incidents>211650</incidents>
					<info>
						<language>en-AU</language>
						<category>Fire</category>
						<event>Bushfire</event>
						<responseType>Monitor</responseType>
						<urgency>Expected</urgency>
						<severity>Moderate</severity>
						<certainty>Observed</certainty>
						<eventCode>
							<valueName>https://govshare.gov.au/xmlui/handle/10772/6495</valueName>
							<value>bushFire</value>
						</eventCode>
						<effective>2015-12-30T10:24:00+11:00</effective>
						<expires>2015-12-31T10:24:00+11:00</expires>
						<senderName>NSW Rural Fire Service</senderName>
						<headline>Roadies Spur Fire</headline>
						<description>ALERT LEVEL: Advice&lt;br /&gt;LOCATION: Roadies Spur, near Budds Mare Ck in Oxley Wild Rivers NP 36km east of Walcha&lt;br /&gt;COUNCIL AREA: Walcha&lt;br /&gt;STATUS: Under control&lt;br /&gt;TYPE: Bush Fire&lt;br /&gt;FIRE: Yes&lt;br /&gt;SIZE: 1612 ha&lt;br /&gt;RESPONSIBLE AGENCY: NSW National Parks and Wildlife Service&lt;br /&gt;UPDATED: 30 Dec 2015 10:24&lt;a href='http://www.rfs.nsw.gov.au/fire-information/fires-near-me' target='_blank'&gt; more&lt;/a&gt;</description>
						<instruction>A fire has started There is no immediate danger. Stay up to date in case the situation changes</instruction>
						<web>http://www.rfs.nsw.gov.au/fire-information/fires-near-me</web>
						<contact>webmaster@rfs.nsw.gov.au</contact>
						<parameter>
							<valueName>FuelType</valueName>
							<value>Forest</value>
						</parameter>
						<parameter>
							<valueName>Location</valueName>
							<value>Walcha</value>
						</parameter>
						<parameter>
							<valueName>FireDangerClass</valueName>
							<value>1</value>
						</parameter>
						<parameter>
							<valueName>Status</valueName>
							<value>Bush Fire</value>
						</parameter>
						<parameter>
							<valueName>Fireground</valueName>
							<value>1612 ha</value>
						</parameter>
						<parameter>
							<valueName>AllocatedResources</valueName>
							<value></value>
						</parameter>
						<parameter>
							<valueName>ControlAuthority</valueName>
							<value>NSW National Parks and Wildlife Service</value>
						</parameter>
						<parameter>
							<valueName>AlertLevel</valueName>
							<value>Advice</value>
						</parameter>
						<parameter>
							<valueName>CouncilArea</valueName>
							<value>Walcha</value>
						</parameter>
						<parameter>
							<valueName>IncidentName</valueName>
							<value>Roadies Spur Fire</value>
						</parameter>
						<parameter>
							<valueName>Evacuation</valueName>
							<value></value>
						</parameter>
						<resource>
							<resourceDesc>map</resourceDesc>
							<mimeType>text/html</mimeType>
							<uri>http://www.rfs.nsw.gov.au/fire-information/fires-near-me</uri>
						</resource>
						<area>
							<areaDesc>Roadies Spur, near Budds Mare Ck in Oxley Wild Rivers NP 36km east of Walcha</areaDesc>
							<polygon>-30.979667198,151.968058723 -30.985758593,151.973134911 -30.989565703,151.97833799 -30.990883443,151.982161435 -30.990429102,151.983579476 -30.9892924819999,151.984755341 -30.9889748059999,151.985340609 -30.9897778559999,151.98728566 -30.990040544,151.988820793 -30.9897322739999,151.990611337 -30.9889920429999,151.992115458 -30.988538886,151.99369967 -30.9884766609999,151.994905692 -30.989485681,151.995726409 -30.9916001469999,151.995953651 -30.992214009,151.996612277 -30.9919011169999,151.997820965 -30.990801136,151.999120994 -30.9924594579999,152.000558495 -30.993891681,152.000543559 -30.995212947,152.000072539 -30.9961790529999,151.999979323 -30.998116737,152.000499495 -30.9997686149999,152.001105804 -31.0012001929999,152.00100774 -31.000826687,151.999016284 -31.0008223679999,151.99845928 -31.0032947779999,151.996277012 -31.0082070249999,151.99188915 -31.010727322,151.987857106 -31.0107779539999,151.987955609 -31.01116712,151.988857029 -31.011946429,151.989919088 -31.012436559,151.990439335 -31.0129225819999,151.990434213 -31.0134215589999,151.989942451 -31.013683159,151.989102905 -31.013640951,151.987994124 -31.013599649,151.987002095 -31.013659354,151.986067377 -31.014175225,151.985594871 -31.0152618299999,151.985233072 -31.016417307,151.985104063 -31.01727188,151.985075545 -31.01926134,151.983541241 -31.0204034879999,151.982145308 -31.021818229,151.981707954 -31.0229666189999,151.982028374 -31.0238660109999,151.982559345 -31.025225297,151.982378577 -31.0262994519999,151.982367158 -31.027664638,151.982934782 -31.0288185909999,151.983962068 -31.029897982,151.984615924 -31.0303314499999,151.984853839 -31.031123479,151.985502785 -31.0334596819999,151.987963422 -31.035155791,151.988557067 -31.034822323,151.986207462 -31.033868731,151.984253411 -31.034121031,151.984321611 -31.034988857,151.985393597 -31.036037662,151.986713196 -31.0356678479999,151.985220058 -31.0342192759999,151.983156209 -31.0331007939999,151.982086917 -31.033096148,151.982074294 -31.0327703629999,151.98001335 -31.0330571809999,151.979248699 -31.0350017339999,151.977949827 -31.0358693439999,151.977321284 -31.0366215089999,151.977315731 -31.039298748,151.97496627 -31.0408724019999,151.971556513 -31.0407324239999,151.969443181 -31.0411991469999,151.96927507 -31.0419868559999,151.969266583 -31.042192379,151.968099916 -31.0416804619999,151.966774643 -31.042169067,151.965189038 -31.0420141669999,151.963735151 -31.041507887,151.963116827 -31.0404682079999,151.962961749 -31.03910896,151.963142828 -31.037752047,151.963614975 -31.0366447659999,151.96395965 -31.035281456,151.963952849 -31.0333040259999,151.963811797 -31.031171835,151.963361058 -31.0297277029999,151.963614311 -31.027956645,151.964848459 -31.0261227509999,151.964605225 -31.025423034,151.966657158 -31.0244720169999,151.967217301 -31.023131921,151.967478826 -31.022929431,151.968277944 -31.023913262,151.971905561 -31.024570781,151.973989243 -31.0249909,151.976086653 -31.024642188,151.977268483 -31.0236743099999,151.977693456 -31.0219437019999,151.977274808 -31.0208694249999,151.975846342 -31.019899719,151.973645402 -31.0191405219999,151.972856444 -31.018357743,151.971887766 -31.016175857,151.970419901 -31.015172659,151.969582202 -31.0136140339999,151.9685191 -31.0122288429999,151.966991368 -31.0115993749999,151.965815465 -31.011565279,151.964324614 -31.0117062419999,151.962574763 -31.011960587,151.961157914 -31.012370328,151.959790792 -31.0129048439999,151.958450874 -31.013151271,151.958445569 -31.0145736179999,151.960528315 -31.0148879119999,151.962156856 -31.0147978259999,151.96344008 -31.015257058,151.964367657 -31.015969124,151.965525649 -31.0162805579999,151.966804553 -31.0166755779999,151.965984298 -31.0163148779999,151.964822496 -31.0164579789999,151.963888388 -31.017699727,151.962242952 -31.018599942,151.961825192 -31.019300786,151.961584444 -31.02020053,151.961108389 -31.020644299,151.960112686 -31.0205326359999,151.958715001 -31.0195615329999,151.956568949 -31.019556349,151.95592785 -31.0194910559999,151.954063388 -31.0193267679999,151.95237487 -31.019514289,151.950740788 -31.0199077839999,151.949745598 -31.018844695,151.948649819 -31.017884362,151.947844364 -31.016592607,151.949490536 -31.014947105,151.950849119 -31.013608898,151.952961973 -31.012169795,151.955017587 -31.0076805699999,151.958563339 -31.0079560189999,151.95855741 -31.006661865,151.95913694 -31.004638153,151.96023197 -31.0029934639999,151.960540813 -31.001434967,151.960510761 -31.0001679069999,151.960296572 -30.999959036,151.958808703 -30.996975354,151.958144862 -30.9950749229999,151.959038666 -30.9919545819999,151.95470596 -30.989958665,151.954429571 -30.9881543879999,151.957642566 -30.988140668,151.957044263 -30.9886258139999,151.9550439 -30.9893622389999,151.953123903 -30.989312023,151.952322728 -30.986393225,151.951180575 -30.9876622579999,151.953591753 -30.986732853,151.959516564 -30.9855544019999,151.960317479 -30.9795403269999,151.961713536 -30.979667198,151.968058723</polygon>
							<circle>-31.0144698249999,151.977825165 0</circle>
							<geocode>
								<valueName>urn:oasis:names:tc:emergency:cap:1.2:profile:CAP-AU:1.0:ISO3166-2</valueName>
								<value>AU-NSW</value>
							</geocode>
						</area>
					</info>
				</alert>
			</embeddedXMLContent>
		</xmlContent>
	</contentObject>
	<contentObject>
		<contentDescription>Information on Rockley Rd, Fosters Valley</contentDescription>
		<xmlContent>
			<embeddedXMLContent>
				<alert xmlns="urn:oasis:names:tc:emergency:cap:1.2">
					<identifier>2015-12-30T10:26:00.0000000:212770</identifier>
					<sender>webmaster@rfs.nsw.gov.au</sender>
					<sent>2015-12-30T10:26:00+11:00</sent>
					<status>Actual</status>
					<msgType>Alert</msgType>
					<scope>Public</scope>
					<code>urn:oasis:names:tc:emergency:cap:1.2:profile:CAP-AU:1.0</code>
					<incidents>212770</incidents>
					<info>
						<language>en-AU</language>
						<category>Fire</category>
						<event>Grass Fire</event>
						<responseType>Monitor</responseType>
						<urgency>Expected</urgency>
						<severity>Moderate</severity>
						<certainty>Observed</certainty>
						<eventCode>
							<valueName>https://govshare.gov.au/xmlui/handle/10772/6495</valueName>
							<value>grassFire</value>
						</eventCode>
						<effective>2015-12-30T10:26:00+11:00</effective>
						<expires>2015-12-31T10:26:00+11:00</expires>
						<senderName>NSW Rural Fire Service</senderName>
						<headline>Rockley Rd, Fosters Valley</headline>
						<description>ALERT LEVEL: Advice&lt;br /&gt;LOCATION: Rockley Rd, Fosters Valley, NSW 2795&lt;br /&gt;COUNCIL AREA: Bathurst&lt;br /&gt;STATUS: Under control&lt;br /&gt;TYPE: Grass Fire&lt;br /&gt;FIRE: Yes&lt;br /&gt;SIZE: 4 ha&lt;br /&gt;RESPONSIBLE AGENCY: Rural Fire Service&lt;br /&gt;UPDATED: 30 Dec 2015 10:26&lt;a href='http://www.rfs.nsw.gov.au/fire-information/fires-near-me' target='_blank'&gt; more&lt;/a&gt;</description>
						<instruction>A fire has started There is no immediate danger. Stay up to date in case the situation changes</instruction>
						<web>http://www.rfs.nsw.gov.au/fire-information/fires-near-me</web>
						<contact>webmaster@rfs.nsw.gov.au</contact>
						<parameter>
							<valueName>FuelType</valueName>
							<value>Forest</value>
						</parameter>
						<parameter>
							<valueName>Location</valueName>
							<value>Bathurst</value>
						</parameter>
						<parameter>
							<valueName>FireDangerClass</valueName>
							<value>1</value>
						</parameter>
						<parameter>
							<valueName>Status</valueName>
							<value>Grass Fire</value>
						</parameter>
						<parameter>
							<valueName>Fireground</valueName>
							<value>4 ha</value>
						</parameter>
						<parameter>
							<valueName>AllocatedResources</valueName>
							<value></value>
						</parameter>
						<parameter>
							<valueName>ControlAuthority</valueName>
							<value>Rural Fire Service</value>
						</parameter>
						<parameter>
							<valueName>AlertLevel</valueName>
							<value>Advice</value>
						</parameter>
						<parameter>
							<valueName>CouncilArea</valueName>
							<value>Bathurst</value>
						</parameter>
						<parameter>
							<valueName>IncidentName</valueName>
							<value>Rockley Rd, Fosters Valley</value>
						</parameter>
						<parameter>
							<valueName>Evacuation</valueName>
							<value></value>
						</parameter>
						<resource>
							<resourceDesc>map</resourceDesc>
							<mimeType>text/html</mimeType>
							<uri>http://www.rfs.nsw.gov.au/fire-information/fires-near-me</uri>
						</resource>
						<area>
							<areaDesc>Rockley Rd, Fosters Valley, NSW 2795</areaDesc>
							<circle>-33.6169299999999,149.559386 0</circle>
							<geocode>
								<valueName>urn:oasis:names:tc:emergency:cap:1.2:profile:CAP-AU:1.0:ISO3166-2</valueName>
								<value>AU-NSW</value>
							</geocode>
						</area>
					</info>
				</alert>
			</embeddedXMLContent>
		</xmlContent>
	</contentObject>
	<contentObject>
		<contentDescription>Information on Southern Cross, Forbes</contentDescription>
		<xmlContent>
			<embeddedXMLContent>
				<alert xmlns="urn:oasis:names:tc:emergency:cap:1.2">
					<identifier>2015-12-30T10:41:00.0000000:212818</identifier>
					<sender>webmaster@rfs.nsw.gov.au</sender>
					<sent>2015-12-30T10:41:00+11:00</sent>
					<status>Actual</status>
					<msgType>Alert</msgType>
					<scope>Public</scope>
					<code>urn:oasis:names:tc:emergency:cap:1.2:profile:CAP-AU:1.0</code>
					<incidents>212818</incidents>
					<info>
						<language>en-AU</language>
						<category>Fire</category>
						<event>Grass Fire</event>
						<responseType>Monitor</responseType>
						<urgency>Expected</urgency>
						<severity>Moderate</severity>
						<certainty>Observed</certainty>
						<eventCode>
							<valueName>https://govshare.gov.au/xmlui/handle/10772/6495</valueName>
							<value>grassFire</value>
						</eventCode>
						<effective>2015-12-30T10:41:00+11:00</effective>
						<expires>2015-12-31T10:41:00+11:00</expires>
						<senderName>NSW Rural Fire Service</senderName>
						<headline>Southern Cross, Forbes</headline>
						<description>ALERT LEVEL: Advice&lt;br /&gt;LOCATION: The Escort Way, Forbes, NSW 2871&lt;br /&gt;COUNCIL AREA: Forbes&lt;br /&gt;STATUS: Being controlled&lt;br /&gt;TYPE: Grass Fire&lt;br /&gt;FIRE: Yes&lt;br /&gt;SIZE: 0 ha&lt;br /&gt;RESPONSIBLE AGENCY: Rural Fire Service&lt;br /&gt;UPDATED: 30 Dec 2015 10:41&lt;a href='http://www.rfs.nsw.gov.au/fire-information/fires-near-me' target='_blank'&gt; more&lt;/a&gt;</description>
						<instruction>A fire has started There is no immediate danger. Stay up to date in case the situation changes</instruction>
						<web>http://www.rfs.nsw.gov.au/fire-information/fires-near-me</web>
						<contact>webmaster@rfs.nsw.gov.au</contact>
						<parameter>
							<valueName>FuelType</valueName>
							<value>Forest</value>
						</parameter>
						<parameter>
							<valueName>Location</valueName>
							<value>Forbes</value>
						</parameter>
						<parameter>
							<valueName>FireDangerClass</valueName>
							<value>1</value>
						</parameter>
						<parameter>
							<valueName>Status</valueName>
							<value>Grass Fire</value>
						</parameter>
						<parameter>
							<valueName>Fireground</valueName>
							<value>0 ha</value>
						</parameter>
						<parameter>
							<valueName>AllocatedResources</valueName>
							<value></value>
						</parameter>
						<parameter>
							<valueName>ControlAuthority</valueName>
							<value>Rural Fire Service</value>
						</parameter>
						<parameter>
							<valueName>AlertLevel</valueName>
							<value>Advice</value>
						</parameter>
						<parameter>
							<valueName>CouncilArea</valueName>
							<value>Forbes</value>
						</parameter>
						<parameter>
							<valueName>IncidentName</valueName>
							<value>Southern Cross, Forbes</value>
						</parameter>
						<parameter>
							<valueName>Evacuation</valueName>
							<value></value>
						</parameter>
						<resource>
							<resourceDesc>map</resourceDesc>
							<mimeType>text/html</mimeType>
							<uri>http://www.rfs.nsw.gov.au/fire-information/fires-near-me</uri>
						</resource>
						<area>
							<areaDesc>The Escort Way, Forbes, NSW 2871</areaDesc>
							<circle>-33.381885,148.114332 0</circle>
							<geocode>
								<valueName>urn:oasis:names:tc:emergency:cap:1.2:profile:CAP-AU:1.0:ISO3166-2</valueName>
								<value>AU-NSW</value>
							</geocode>
						</area>
					</info>
				</alert>
			</embeddedXMLContent>
		</xmlContent>
	</contentObject>
	<contentObject>
		<contentDescription>Information on Grose Vale Road, Grose Wold</contentDescription>
		<xmlContent>
			<embeddedXMLContent>
				<alert xmlns="urn:oasis:names:tc:emergency:cap:1.2">
					<identifier>2015-12-30T03:05:00.0000000:212806</identifier>
					<sender>webmaster@rfs.nsw.gov.au</sender>
					<sent>2015-12-30T03:05:00+11:00</sent>
					<status>Actual</status>
					<msgType>Alert</msgType>
					<scope>Public</scope>
					<code>urn:oasis:names:tc:emergency:cap:1.2:profile:CAP-AU:1.0</code>
					<incidents>212806</incidents>
					<info>
						<language>en-AU</language>
						<category>Fire</category>
						<event>Grass Fire</event>
						<responseType>Monitor</responseType>
						<urgency>Expected</urgency>
						<severity>Minor</severity>
						<certainty>Observed</certainty>
						<eventCode>
							<valueName>https://govshare.gov.au/xmlui/handle/10772/6495</valueName>
							<value>grassFire</value>
						</eventCode>
						<effective>2015-12-30T03:05:00+11:00</effective>
						<expires>2015-12-31T03:05:00+11:00</expires>
						<senderName>NSW Rural Fire Service</senderName>
						<headline>Grose Vale Road, Grose Wold</headline>
						<description>ALERT LEVEL: Not Applicable&lt;br /&gt;LOCATION: Grose Vale Road, Grose Wold&lt;br /&gt;COUNCIL AREA: Hawkesbury&lt;br /&gt;STATUS: Out of control&lt;br /&gt;TYPE: Assist Other Agency&lt;br /&gt;FIRE: No&lt;br /&gt;SIZE: 0 ha&lt;br /&gt;RESPONSIBLE AGENCY: Rural Fire Service&lt;br /&gt;UPDATED: 30 Dec 2015 03:05&lt;a href='http://www.rfs.nsw.gov.au/fire-information/fires-near-me' target='_blank'&gt; more&lt;/a&gt;</description>
						<instruction>A fire has started There is no immediate danger. Stay up to date in case the situation changes</instruction>
						<web>http://www.rfs.nsw.gov.au/fire-information/fires-near-me</web>
						<contact>webmaster@rfs.nsw.gov.au</contact>
						<parameter>
							<valueName>FuelType</valueName>
							<value>Forest</value>
						</parameter>
						<parameter>
							<valueName>Location</valueName>
							<value>Hawkesbury</value>
						</parameter>
						<parameter>
							<valueName>FireDangerClass</valueName>
							<value>1</value>
						</parameter>
						<parameter>
							<valueName>Status</valueName>
							<value>Assist Other Agency</value>
						</parameter>
						<parameter>
							<valueName>Fireground</valueName>
							<value>0 ha</value>
						</parameter>
						<parameter>
							<valueName>AllocatedResources</valueName>
							<value></value>
						</parameter>
						<parameter>
							<valueName>ControlAuthority</valueName>
							<value>Rural Fire Service</value>
						</parameter>
						<parameter>
							<valueName>AlertLevel</valueName>
							<value>Not Applicable</value>
						</parameter>
						<parameter>
							<valueName>CouncilArea</valueName>
							<value>Hawkesbury</value>
						</parameter>
						<parameter>
							<valueName>IncidentName</valueName>
							<value>Grose Vale Road, Grose Wold</value>
						</parameter>
						<parameter>
							<valueName>Evacuation</valueName>
							<value></value>
						</parameter>
						<resource>
							<resourceDesc>map</resourceDesc>
							<mimeType>text/html</mimeType>
							<uri>http://www.rfs.nsw.gov.au/fire-information/fires-near-me</uri>
						</resource>
						<area>
							<areaDesc>Grose Vale Road, Grose Wold</areaDesc>
							<circle>-33.5888833419999,150.696544648 0</circle>
							<geocode>
								<valueName>urn:oasis:names:tc:emergency:cap:1.2:profile:CAP-AU:1.0:ISO3166-2</valueName>
								<value>AU-NSW</value>
							</geocode>
						</area>
					</info>
				</alert>
			</embeddedXMLContent>
		</xmlContent>
	</contentObject>
	<contentObject>
		<contentDescription>Information on Shed Fire</contentDescription>
		<xmlContent>
			<embeddedXMLContent>
				<alert xmlns="urn:oasis:names:tc:emergency:cap:1.2">
					<identifier>2015-12-29T14:19:00.0000000:212295</identifier>
					<sender>webmaster@rfs.nsw.gov.au</sender>
					<sent>2015-12-29T14:19:00+11:00</sent>
					<status>Actual</status>
					<msgType>Alert</msgType>
					<scope>Public</scope>
					<code>urn:oasis:names:tc:emergency:cap:1.2:profile:CAP-AU:1.0</code>
					<incidents>212295</incidents>
					<info>
						<language>en-AU</language>
						<category>Fire</category>
						<event>Grass Fire</event>
						<responseType>Monitor</responseType>
						<urgency>Expected</urgency>
						<severity>Minor</severity>
						<certainty>Observed</certainty>
						<eventCode>
							<valueName>https://govshare.gov.au/xmlui/handle/10772/6495</valueName>
							<value>grassFire</value>
						</eventCode>
						<effective>2015-12-29T14:19:00+11:00</effective>
						<expires>2015-12-30T14:19:00+11:00</expires>
						<senderName>NSW Rural Fire Service</senderName>
						<headline>Shed Fire</headline>
						<description>ALERT LEVEL: Not Applicable&lt;br /&gt;LOCATION: Gowan Green Road Cundumbul NSW&lt;br /&gt;COUNCIL AREA: Wellington&lt;br /&gt;STATUS: Under control&lt;br /&gt;TYPE: Structure Fire&lt;br /&gt;FIRE: Yes&lt;br /&gt;SIZE: 0 ha&lt;br /&gt;RESPONSIBLE AGENCY: Rural Fire Service&lt;br /&gt;UPDATED: 29 Dec 2015 14:19&lt;a href='http://www.rfs.nsw.gov.au/fire-information/fires-near-me' target='_blank'&gt; more&lt;/a&gt;</description>
						<instruction>A fire has started There is no immediate danger. Stay up to date in case the situation changes</instruction>
						<web>http://www.rfs.nsw.gov.au/fire-information/fires-near-me</web>
						<contact>webmaster@rfs.nsw.gov.au</contact>
						<parameter>
							<valueName>FuelType</valueName>
							<value>Forest</value>
						</parameter>
						<parameter>
							<valueName>Location</valueName>
							<value>Wellington</value>
						</parameter>
						<parameter>
							<valueName>FireDangerClass</valueName>
							<value>1</value>
						</parameter>
						<parameter>
							<valueName>Status</valueName>
							<value>Structure Fire</value>
						</parameter>
						<parameter>
							<valueName>Fireground</valueName>
							<value>0 ha</value>
						</parameter>
						<parameter>
							<valueName>AllocatedResources</valueName>
							<value></value>
						</parameter>
						<parameter>
							<valueName>ControlAuthority</valueName>
							<value>Rural Fire Service</value>
						</parameter>
						<parameter>
							<valueName>AlertLevel</valueName>
							<value>Not Applicable</value>
						</parameter>
						<parameter>
							<valueName>CouncilArea</valueName>
							<value>Wellington</value>
						</parameter>
						<parameter>
							<valueName>IncidentName</valueName>
							<value>Shed Fire</value>
						</parameter>
						<parameter>
							<valueName>Evacuation</valueName>
							<value></value>
						</parameter>
						<resource>
							<resourceDesc>map</resourceDesc>
							<mimeType>text/html</mimeType>
							<uri>http://www.rfs.nsw.gov.au/fire-information/fires-near-me</uri>
						</resource>
						<area>
							<areaDesc>Gowan Green Road Cundumbul NSW</areaDesc>
							<circle>-32.8156276029999,148.927638531 0</circle>
							<geocode>
								<valueName>urn:oasis:names:tc:emergency:cap:1.2:profile:CAP-AU:1.0:ISO3166-2</valueName>
								<value>AU-NSW</value>
							</geocode>
						</area>
					</info>
				</alert>
			</embeddedXMLContent>
		</xmlContent>
	</contentObject>
</EDXLDistribution>