{"results":[{"issueFor":"30/12/2015","status":"N","declaration":"Today, Wed, 30 Dec 2015 is not currently a day of Total Fire Ban.","declareList":[{"name":"Mallee","status":"NO - RESTRICTIONS MAY APPLY"},{"name":"Wimmera","status":"NO - RESTRICTIONS MAY APPLY"},{"name":"South West","status":"NO - RESTRICTIONS MAY APPLY"},{"name":"Northern Country","status":"NO - RESTRICTIONS MAY APPLY"},{"name":"North Central","status":"NO - RESTRICTIONS MAY APPLY"},{"name":"Central","status":"NO - RESTRICTIONS MAY APPLY"},{"name":"North East","status":"NO - RESTRICTIONS MAY APPLY"},{"name":"West and South Gippsland","status":"NO - RESTRICTIONS MAY APPLY"},{"name":"East Gippsland","status":"NO - RESTRICTIONS MAY APPLY"}]},{"issueFor":"31/12/2015","status":"N","declaration":"Tomorrow, Thu, 31 Dec 2015 is not currently a day of Total Fire Ban.","declareList":[{"name":"Mallee","status":"NO - RESTRICTIONS MAY APPLY"},{"name":"Wimmera","status":"NO - RESTRICTIONS MAY APPLY"},{"name":"South West","status":"NO - RESTRICTIONS MAY APPLY"},{"name":"Northern Country","status":"NO - RESTRICTIONS MAY APPLY"},{"name":"North Central","status":"NO - RESTRICTIONS MAY APPLY"},{"name":"Central","status":"NO - RESTRICTIONS MAY APPLY"},{"name":"North East","status":"NO - RESTRICTIONS MAY APPLY"},{"name":"West and South Gippsland","status":"NO - RESTRICTIONS MAY APPLY"},{"name":"East Gippsland","status":"NO - RESTRICTIONS MAY APPLY"}]},{"issueFor":"01/01/2016","status":"N","declaration":"Fri, 1 Jan 2016 is not currently a day of Total Fire Ban.","declareList":[{"name":"Mallee","status":"NO - RESTRICTIONS MAY APPLY"},{"name":"Wimmera","status":"NO - RESTRICTIONS MAY APPLY"},{"name":"South West","status":"NO - RESTRICTIONS MAY APPLY"},{"name":"Northern Country","status":"NO - RESTRICTIONS MAY APPLY"},{"name":"North Central","status":"NO - RESTRICTIONS MAY APPLY"},{"name":"Central","status":"NO - RESTRICTIONS MAY APPLY"},{"name":"North East","status":"NO - RESTRICTIONS MAY APPLY"},{"name":"West and South Gippsland","status":"NO - RESTRICTIONS MAY APPLY"},{"name":"East Gippsland","status":"NO - RESTRICTIONS MAY APPLY"}]},{"issueFor":"02/01/2016","status":"N","declaration":"Sat, 2 Jan 2016 is not currently a day of Total Fire Ban.","declareList":[{"name":"Mallee","status":"NO - RESTRICTIONS MAY APPLY"},{"name":"Wimmera","status":"NO - RESTRICTIONS MAY APPLY"},{"name":"South West","status":"NO - RESTRICTIONS MAY APPLY"},{"name":"Northern Country","status":"NO - RESTRICTIONS MAY APPLY"},{"name":"North Central","status":"NO - RESTRICTIONS MAY APPLY"},{"name":"Central","status":"NO - RESTRICTIONS MAY APPLY"},{"name":"North East","status":"NO - RESTRICTIONS MAY APPLY"},{"name":"West and South Gippsland","status":"NO - RESTRICTIONS MAY APPLY"},{"name":"East Gippsland","status":"NO - RESTRICTIONS MAY APPLY"}]},{"issueFor":"03/01/2016","status":"N","declaration":"Sun, 3 Jan 2016 is not currently a day of Total Fire Ban.","declareList":[{"name":"Mallee","status":"NO - RESTRICTIONS MAY APPLY"},{"name":"Wimmera","status":"NO - RESTRICTIONS MAY APPLY"},{"name":"South West","status":"NO - RESTRICTIONS MAY APPLY"},{"name":"Northern Country","status":"NO - RESTRICTIONS MAY APPLY"},{"name":"North Central","status":"NO - RESTRICTIONS MAY APPLY"},{"name":"Central","status":"NO - RESTRICTIONS MAY APPLY"},{"name":"North East","status":"NO - RESTRICTIONS MAY APPLY"},{"name":"West and South Gippsland","status":"NO - RESTRICTIONS MAY APPLY"},{"name":"East Gippsland","status":"NO - RESTRICTIONS MAY APPLY"}]},{"issueFor":"30/12/2015","issueAt":"30/12/2015 05:30:00","imgUrl":null,"declareList":[{"name":"Mallee","status":"VERY HIGH"},{"name":"Wimmera","status":"HIGH"},{"name":"South West","status":"VERY HIGH"},{"name":"Northern Country","status":"LOW-MODERATE"},{"name":"North Central","status":"VERY HIGH"},{"name":"Central","status":"VERY HIGH"},{"name":"North East","status":"HIGH"},{"name":"West and South Gippsland","status":"VERY HIGH"},{"name":"East Gippsland","status":"HIGH"}]},{"issueFor":"31/12/2015","issueAt":"30/12/2015 05:30:00","imgUrl":null,"declareList":[{"name":"Mallee","status":"VERY HIGH"},{"name":"Wimmera","status":"VERY HIGH"},{"name":"South West","status":"SEVERE"},{"name":"Northern Country","status":"HIGH"},{"name":"North Central","status":"VERY HIGH"},{"name":"Central","status":"VERY HIGH"},{"name":"North East","status":"VERY HIGH"},{"name":"West and South Gippsland","status":"VERY HIGH"},{"name":"East Gippsland","status":"HIGH"}]},{"issueFor":"01/01/2016","issueAt":"30/12/2015 05:30:00","imgUrl":null,"declareList":[{"name":"Mallee","status":"VERY HIGH"},{"name":"Wimmera","status":"HIGH"},{"name":"South West","status":"VERY HIGH"},{"name":"Northern Country","status":"HIGH"},{"name":"North Central","status":"VERY HIGH"},{"name":"Central","status":"HIGH"},{"name":"North East","status":"VERY HIGH"},{"name":"West and South Gippsland","status":"HIGH"},{"name":"East Gippsland","status":"HIGH"}]},{"issueFor":"02/01/2016","issueAt":"30/12/2015 05:30:00","imgUrl":null,"declareList":[{"name":"Mallee","status":"VERY HIGH"},{"name":"Wimmera","status":"HIGH"},{"name":"South West","status":"HIGH"},{"name":"Northern Country","status":"HIGH"},{"name":"North Central","status":"VERY HIGH"},{"name":"Central","status":"HIGH"},{"name":"North East","status":"HIGH"},{"name":"West and South Gippsland","status":"LOW-MODERATE"},{"name":"East Gippsland","status":"LOW-MODERATE"}]}]}
