{"results":[{"incidentNo":212991,"lastUpdateDateTime":"30/12/2015 12:16:00","originDateTime":"30/12/2015 12:15:00","incidentType":"TREE DOWN TRAFFIC HAZ","incidentLocation":"TAMINICK","incidentStatus":"Request for Assistance","incidentSize":"SMALL","name":"TAMINICK GAP RD","territory":"SES","resourceCount":0,"latitude":-36.416973168562095,"longitude":146.19029952282997,"eventCode":"TREE DOWN TRAFFIC HAZ","fireDistrict":"","municipality":"","category1":"Tree Down Traffic Hazard","category2":"Tree Down Traffic Hazard","feedType":"incident","agency":"SES","originStatus":"NEW","createdDt":null,"lastUpdatedDt":1451438160000,"lastUpdatedDtStr":"Wed 30 Dec 12:16 PM","originDateTimeStr":"Wed 30 Dec 12:15 PM","catg1CssClass":null,"incidentSizeFmt":"Small","type":"incident"},{"incidentNo":212990,"lastUpdateDateTime":"30/12/2015 12:12:00","originDateTime":"30/12/2015 12:09:00","incidentType":"TREE DOWN","incidentLocation":"HEIDELBERG","incidentStatus":"Request for Assistance","incidentSize":"SMALL","name":"127 HAWDON ST","territory":"SES","resourceCount":0,"latitude":-37.75286273150487,"longitude":145.0649723456891,"eventCode":"TREE DOWN","fireDistrict":"","municipality":"","category1":"Tree Down","category2":"Tree Down","feedType":"incident","agency":"SES","originStatus":"NEW","createdDt":null,"lastUpdatedDt":1451437920000,"lastUpdatedDtStr":"Wed 30 Dec 12:12 PM","originDateTimeStr":"Wed 30 Dec 12:09 PM","catg1CssClass":null,"incidentSizeFmt":"Small","type":"incident"},{"incidentNo":212986,"lastUpdateDateTime":"30/12/2015 11:47:00","originDateTime":"30/12/2015 10:45:00","incidentType":"TREE DOWN","incidentLocation":"ASHBURTON","incidentStatus":"Request for Assistance","incidentSize":"SMALL","name":"65 DENT ST","territory":"SES","resourceCount":1,"latitude":-37.86694564852174,"longitude":145.07714497981675,"eventCode":"TREE DOWN","fireDistrict":"","municipality":"","category1":"Tree Down","category2":"Tree Down","feedType":"incident","agency":"SES","originStatus":"NEW","createdDt":null,"lastUpdatedDt":1451436420000,"lastUpdatedDtStr":"Wed 30 Dec 11:47 AM","originDateTimeStr":"Wed 30 Dec 10:45 AM","catg1CssClass":null,"incidentSizeFmt":"Small","type":"incident"},{"incidentNo":212987,"lastUpdateDateTime":"30/12/2015 11:26:00","originDateTime":"30/12/2015 11:15:00","incidentType":"TREE DOWN","incidentLocation":"TYABB","incidentStatus":"Complete","incidentSize":"SMALL","name":"40 RAILWAY RD","territory":"SES","resourceCount":0,"latitude":-38.26803502097088,"longitude":145.18883664672077,"eventCode":"TREE DOWN","fireDistrict":"","municipality":"","category1":"Tree Down","category2":"Tree Down","feedType":"incident","agency":"SES","originStatus":"CLEAR","createdDt":null,"lastUpdatedDt":1451435160000,"lastUpdatedDtStr":"Wed 30 Dec 11:26 AM","originDateTimeStr":"Wed 30 Dec 11:15 AM","catg1CssClass":null,"incidentSizeFmt":"Small","type":"incident"},{"incidentNo":212969,"lastUpdateDateTime":"29/12/2015 16:48:00","originDateTime":"29/12/2015 16:45:00","incidentType":"TREE DOWN","incidentLocation":"ROSANNA","incidentStatus":"Request for Assistance","incidentSize":"SMALL","name":"31 FINLAYSON ST","territory":"SES","resourceCount":0,"latitude":-37.73804444362884,"longitude":145.0686605194426,"eventCode":"TREE DOWN","fireDistrict":"","municipality":"","category1":"Tree Down","category2":"Tree Down","feedType":"incident","agency":"SES","originStatus":"NEW","createdDt":null,"lastUpdatedDt":1451368080000,"lastUpdatedDtStr":"Tue 29 Dec 04:48 PM","originDateTimeStr":"Tue 29 Dec 04:45 PM","catg1CssClass":null,"incidentSizeFmt":"Small","type":"incident"}]}