{"results":[{"incidentNo":1554531,"lastUpdateDateTime":"30/12/2015 11:44:00","originDateTime":"30/12/2015 10:54:00","incidentType":"GRASS","incidentLocation":"INDIGO VALLEY","incidentStatus":"Not Yet Under Control","incidentSize":"SPOT","name":"INDIGO CREEK RD","territory":"CFA","resourceCount":3,"latitude":-36.261404002954485,"longitude":146.80085562143847,"eventCode":"622","fireDistrict":"North East","municipality":"Indigo","category1":"Fire","category2":"Bushfire","feedType":"incident","agency":"CFA","originStatus":"GOING","createdDt":null,"lastUpdatedDt":1451436240000,"lastUpdatedDtStr":"Wed 30 Dec 11:44 AM","originDateTimeStr":"Wed 30 Dec 10:54 AM","catg1CssClass":"fire-active","incidentSizeFmt":"Spot","type":"incident"},{"incidentNo":1552223,"lastUpdateDateTime":"30/12/2015 10:13:00","originDateTime":"19/12/2015 16:10:00","incidentType":"BUSHFIRE","incidentLocation":"LORNE","incidentStatus":"Not Yet Under Control","incidentSize":"2282.00 HA.","name":"LORNE - JAMIESON TRACK","territory":"DELWP","resourceCount":131,"latitude":-38.5879,"longitude":143.8863,"eventCode":"","fireDistrict":"South West","municipality":"Colac Otway","category1":"Fire","category2":"Bushfire","feedType":"incident","agency":"DELWP","originStatus":"GOING","createdDt":null,"lastUpdatedDt":1451430780000,"lastUpdatedDtStr":"Wed 30 Dec 10:13 AM","originDateTimeStr":"Sat 19 Dec 04:10 PM","catg1CssClass":"fire-active","incidentSizeFmt":"2282.00 HA.","type":"incident"},{"incidentNo":1554544,"lastUpdateDateTime":"30/12/2015 12:16:00","originDateTime":"30/12/2015 12:16:00","incidentType":"INCIDENT","incidentLocation":"RED HILL SOUTH","incidentStatus":"Responding","incidentSize":"SMALL","name":"","territory":"CFA","resourceCount":0,"latitude":-38.394938605376495,"longitude":145.0177355739444,"eventCode":"590","fireDistrict":"Central","municipality":"Mornington Peninsula","category1":"Other","category2":"Other","feedType":"incident","agency":"CFA","originStatus":"RESPONDING","createdDt":null,"lastUpdatedDt":1451438160000,"lastUpdatedDtStr":"Wed 30 Dec 12:16 PM","originDateTimeStr":"Wed 30 Dec 12:16 PM","catg1CssClass":"other","incidentSizeFmt":"Small","type":"incident"},{"incidentNo":1554543,"lastUpdateDateTime":"30/12/2015 12:13:00","originDateTime":"30/12/2015 12:13:00","incidentType":"STRUCTURE","incidentLocation":"DROMANA","incidentStatus":"Responding","incidentSize":"SMALL","name":"","territory":"CFA","resourceCount":2,"latitude":-38.333546685987535,"longitude":144.972459079319,"eventCode":"611","fireDistrict":"Central","municipality":"Mornington Peninsula","category1":"Fire","category2":"Building","feedType":"incident","agency":"CFA","originStatus":"RESPONDING","createdDt":null,"lastUpdatedDt":1451437980000,"lastUpdatedDtStr":"Wed 30 Dec 12:13 PM","originDateTimeStr":"Wed 30 Dec 12:13 PM","catg1CssClass":"fire-active","incidentSizeFmt":"Small","type":"incident"},{"incidentNo":151212107,"lastUpdateDateTime":"30/12/2015 12:07:25","originDateTime":"30/12/2015 12:07:25","incidentType":"Full Call","incidentLocation":"SOUTH YARRA","incidentStatus":"Responding","incidentSize":"Small","name":"YARRA ST","territory":"MFB","resourceCount":2,"latitude":-37.836242479281104,"longitude":144.99318362943077,"eventCode":"Full Call","fireDistrict":"Central","municipality":"Stonnington","category1":"Other","category2":"Full Call","feedType":"incident","agency":"MFB","originStatus":"Investigating","createdDt":null,"lastUpdatedDt":1451437645000,"lastUpdatedDtStr":"Wed 30 Dec 12:07 PM","originDateTimeStr":"Wed 30 Dec 12:07 PM","catg1CssClass":"other","incidentSizeFmt":"Small","type":"incident"},{"incidentNo":1554541,"lastUpdateDateTime":"30/12/2015 12:00:00","originDateTime":"30/12/2015 12:00:00","incidentType":"ASSIST OTHER AGENCY","incidentLocation":"MOUNT MARTHA","incidentStatus":"Responding","incidentSize":"SMALL","name":"HEARN RD","territory":"CFA","resourceCount":1,"latitude":-38.28165340101953,"longitude":144.9961506655875,"eventCode":"624","fireDistrict":"Central","municipality":"Mornington Peninsula","category1":"Other","category2":"Other","feedType":"incident","agency":"CFA","originStatus":"RESPONDING","createdDt":null,"lastUpdatedDt":1451437200000,"lastUpdatedDtStr":"Wed 30 Dec 12:00 PM","originDateTimeStr":"Wed 30 Dec 12:00 PM","catg1CssClass":"other","incidentSizeFmt":"Small","type":"incident"},{"incidentNo":1552229,"lastUpdateDateTime":"29/12/2015 11:07:00","originDateTime":"19/12/2015 16:30:00","incidentType":"BUSHFIRE","incidentLocation":"LORNE","incidentStatus":"Contained","incidentSize":"9.00 HA.","name":"LORNE - DELANEYS ROAD","territory":"DELWP","resourceCount":0,"latitude":-38.5288,"longitude":143.8347,"eventCode":"","fireDistrict":"South West","municipality":"Colac Otway","category1":"Fire","category2":"Bushfire","feedType":"incident","agency":"DELWP","originStatus":"CONTAINED","createdDt":null,"lastUpdatedDt":1451347620000,"lastUpdatedDtStr":"Tue 29 Dec 11:07 AM","originDateTimeStr":"Sat 19 Dec 04:30 PM","catg1CssClass":"other","incidentSizeFmt":"9.00 HA.","type":"incident"},{"incidentNo":151212116,"lastUpdateDateTime":"30/12/2015 12:08:21","originDateTime":"30/12/2015 12:08:21","incidentType":"Incident","incidentLocation":"ASHBURTON","incidentStatus":"Under Control","incidentSize":"Small","name":"ASHBURN GR","territory":"MFB","resourceCount":1,"latitude":-37.875105580813326,"longitude":145.07553018988258,"eventCode":"Incident","fireDistrict":"Central","municipality":"Boroondara","category1":"Accident / Rescue","category2":"Incident","feedType":"incident","agency":"MFB","originStatus":"Under Control","createdDt":null,"lastUpdatedDt":1451437701000,"lastUpdatedDtStr":"Wed 30 Dec 12:08 PM","originDateTimeStr":"Wed 30 Dec 12:08 PM","catg1CssClass":"other","incidentSizeFmt":"Small","type":"incident"},{"incidentNo":1552659,"lastUpdateDateTime":"30/12/2015 11:20:00","originDateTime":"20/12/2015 15:40:00","incidentType":"BUSHFIRE","incidentLocation":"14KM NNE OF MALLACOOTA","incidentStatus":"Under Control","incidentSize":"5.00 HA.","name":"MALLACOOTA- HOWE RANGE","territory":"DELWP","resourceCount":0,"latitude":-37.485,"longitude":149.8908,"eventCode":"","fireDistrict":"East Gippsland","municipality":"East Gippsland","category1":"Fire","category2":"Bushfire","feedType":"incident","agency":"DELWP","originStatus":"CONTROLLED","createdDt":null,"lastUpdatedDt":1451434800000,"lastUpdatedDtStr":"Wed 30 Dec 11:20 AM","originDateTimeStr":"Sun 20 Dec 03:40 PM","catg1CssClass":"fire-inactive","incidentSizeFmt":"5.00 HA.","type":"incident"},{"incidentNo":1554527,"lastUpdateDateTime":"30/12/2015 10:33:00","originDateTime":"29/12/2015 21:05:00","incidentType":"BUSHFIRE","incidentLocation":"5K SW NEERIM SOUTH","incidentStatus":"Under Control","incidentSize":"0.01 HA.","name":"LABERTOUCHE - JACKSONS TRACK","territory":"DELWP","resourceCount":0,"latitude":-38.0561,"longitude":145.8157,"eventCode":"","fireDistrict":"West And South Gippsland","municipality":"Baw Baw","category1":"Fire","category2":"Bushfire","feedType":"incident","agency":"DELWP","originStatus":"CONTROLLED","createdDt":null,"lastUpdatedDt":1451431980000,"lastUpdatedDtStr":"Wed 30 Dec 10:33 AM","originDateTimeStr":"Tue 29 Dec 09:05 PM","catg1CssClass":"fire-inactive","incidentSizeFmt":"0.01 HA.","type":"incident"},{"incidentNo":1554445,"lastUpdateDateTime":"30/12/2015 07:58:00","originDateTime":"29/12/2015 20:06:00","incidentType":"BUSHFIRE","incidentLocation":"2KM NORTH OF TORRUMBARY","incidentStatus":"Under Control","incidentSize":"0.50 HA.","name":"TORRUMBARRY - HEADWORKS RD","territory":"DELWP","resourceCount":4,"latitude":-35.974712,"longitude":144.51456,"eventCode":"","fireDistrict":"Northern Country","municipality":"Campaspe","category1":"Fire","category2":"Bushfire","feedType":"incident","agency":"DELWP","originStatus":"CONTROLLED","createdDt":null,"lastUpdatedDt":1451422680000,"lastUpdatedDtStr":"Wed 30 Dec 07:58 AM","originDateTimeStr":"Tue 29 Dec 08:06 PM","catg1CssClass":"fire-inactive","incidentSizeFmt":"0.50 HA.","type":"incident"},{"incidentNo":1554437,"lastUpdateDateTime":"29/12/2015 21:49:00","originDateTime":"29/12/2015 19:40:00","incidentType":"BUSHFIRE","incidentLocation":"8 KM NW YARRAWONGA","incidentStatus":"Under Control","incidentSize":"0.20 HA.","name":"YARRAWONGA - PIGGERY TRACK","territory":"DELWP","resourceCount":0,"latitude":-35.978718,"longitude":145.94736,"eventCode":"","fireDistrict":"Northern Country","municipality":"Moira","category1":"Fire","category2":"Bushfire","feedType":"incident","agency":"DELWP","originStatus":"CONTROLLED","createdDt":null,"lastUpdatedDt":1451386140000,"lastUpdatedDtStr":"Tue 29 Dec 09:49 PM","originDateTimeStr":"Tue 29 Dec 07:40 PM","catg1CssClass":"fire-inactive","incidentSizeFmt":"0.20 HA.","type":"incident"},{"incidentNo":1554367,"lastUpdateDateTime":"29/12/2015 17:45:00","originDateTime":"29/12/2015 14:13:00","incidentType":"STRUCTURE","incidentLocation":"LOCKINGTON","incidentStatus":"Under Control","incidentSize":"SMALL","name":"","territory":"CFA","resourceCount":0,"latitude":-36.25664473603996,"longitude":144.46353632556486,"eventCode":"611","fireDistrict":"Northern Country","municipality":"Campaspe","category1":"Fire","category2":"Building","feedType":"incident","agency":"CFA","originStatus":"CONTROLLED","createdDt":null,"lastUpdatedDt":1451371500000,"lastUpdatedDtStr":"Tue 29 Dec 05:45 PM","originDateTimeStr":"Tue 29 Dec 02:13 PM","catg1CssClass":"fire-inactive","incidentSizeFmt":"Small","type":"incident"},{"incidentNo":1552402,"lastUpdateDateTime":"29/12/2015 17:01:00","originDateTime":"19/12/2015 22:35:00","incidentType":"BUSHFIRE","incidentLocation":"3KS SOTH PROVIDENCE PONDS","incidentStatus":"Under Control","incidentSize":"2.00 HA.","name":"PROVIDENCE PONDS-CASUARINA TRA","territory":"DELWP","resourceCount":0,"latitude":-37.9409,"longitude":147.2822,"eventCode":"","fireDistrict":"West And South Gippsland","municipality":"Wellington","category1":"Fire","category2":"Bushfire","feedType":"incident","agency":"DELWP","originStatus":"CONTROLLED","createdDt":null,"lastUpdatedDt":1451368860000,"lastUpdatedDtStr":"Tue 29 Dec 05:01 PM","originDateTimeStr":"Sat 19 Dec 10:35 PM","catg1CssClass":"fire-inactive","incidentSizeFmt":"2.00 HA.","type":"incident"},{"incidentNo":1553282,"lastUpdateDateTime":"29/12/2015 14:28:00","originDateTime":"23/12/2015 17:00:00","incidentType":"BUSHFIRE","incidentLocation":"15 KM NORTH GLENMAGGIE","incidentStatus":"Under Control","incidentSize":"2.00 HA.","name":"AVON WILDERNESS-RAZOR BACK WAL","territory":"DELWP","resourceCount":0,"latitude":-37.713,"longitude":146.7788,"eventCode":"","fireDistrict":"West And South Gippsland","municipality":"Wellington","category1":"Fire","category2":"Bushfire","feedType":"incident","agency":"DELWP","originStatus":"CONTROLLED","createdDt":null,"lastUpdatedDt":1451359680000,"lastUpdatedDtStr":"Tue 29 Dec 02:28 PM","originDateTimeStr":"Wed 23 Dec 05:00 PM","catg1CssClass":"fire-inactive","incidentSizeFmt":"2.00 HA.","type":"incident"},{"incidentNo":1553644,"lastUpdateDateTime":"28/12/2015 16:04:00","originDateTime":"25/12/2015 12:23:00","incidentType":"GRASS","incidentLocation":"SUNBURY","incidentStatus":"Under Control","incidentSize":"LARGE","name":"WILLIAMS RISE","territory":"CFA","resourceCount":0,"latitude":-37.52331364576183,"longitude":144.72619532956932,"eventCode":"622","fireDistrict":"Central","municipality":"Hume","category1":"Fire","category2":"Bushfire","feedType":"incident","agency":"CFA","originStatus":"CONTROLLED","createdDt":null,"lastUpdatedDt":1451279040000,"lastUpdatedDtStr":"Mon 28 Dec 04:04 PM","originDateTimeStr":"Fri 25 Dec 12:23 PM","catg1CssClass":"fire-inactive","incidentSizeFmt":"Large","type":"incident"},{"incidentNo":1549989,"lastUpdateDateTime":"18/12/2015 11:49:00","originDateTime":"08/12/2015 13:28:00","incidentType":"BUSHFIRE","incidentLocation":"BRIMBOAL","incidentStatus":"Under Control","incidentSize":"20.00 HA.","name":"BRIMBOAL - GLENMIA RD","territory":"DELWP","resourceCount":9,"latitude":-37.3746,"longitude":141.384,"eventCode":"","fireDistrict":"South West","municipality":"Glenelg","category1":"Fire","category2":"Bushfire","feedType":"incident","agency":"DELWP","originStatus":"CONTROLLED","createdDt":null,"lastUpdatedDt":1450399740000,"lastUpdatedDtStr":"Fri 18 Dec 11:49 AM","originDateTimeStr":"Tue 08 Dec 01:28 PM","catg1CssClass":"fire-inactive","incidentSizeFmt":"20.00 HA.","type":"incident"},{"incidentNo":1554542,"lastUpdateDateTime":"30/12/2015 12:15:00","originDateTime":"30/12/2015 12:04:00","incidentType":"GRASS","incidentLocation":"KIALLA","incidentStatus":"Safe","incidentSize":"SMALL","name":"WATT RD","territory":"CFA","resourceCount":1,"latitude":-36.39821479253661,"longitude":145.36851468046754,"eventCode":"622","fireDistrict":"Northern Country","municipality":"Greater Shepparton","category1":"Fire","category2":"Bushfire","feedType":"incident","agency":"CFA","originStatus":"SAFE","createdDt":null,"lastUpdatedDt":1451438100000,"lastUpdatedDtStr":"Wed 30 Dec 12:15 PM","originDateTimeStr":"Wed 30 Dec 12:04 PM","catg1CssClass":"fire-inactive","incidentSizeFmt":"Small","type":"incident"},{"incidentNo":1554539,"lastUpdateDateTime":"30/12/2015 12:12:00","originDateTime":"30/12/2015 11:57:00","incidentType":"WASHAWAY","incidentLocation":"HEATHCOTE","incidentStatus":"Safe","incidentSize":"SMALL","name":"","territory":"CFA","resourceCount":0,"latitude":-36.92439405513723,"longitude":144.71035923704173,"eventCode":"625","fireDistrict":"Northern Country","municipality":"Greater Bendigo","category1":"Accident / Rescue","category2":"Washaway","feedType":"incident","agency":"CFA","originStatus":"SAFE","createdDt":null,"lastUpdatedDt":1451437920000,"lastUpdatedDtStr":"Wed 30 Dec 12:12 PM","originDateTimeStr":"Wed 30 Dec 11:57 AM","catg1CssClass":"ar-road","incidentSizeFmt":"Small","type":"incident"},{"incidentNo":1554540,"lastUpdateDateTime":"30/12/2015 12:11:00","originDateTime":"30/12/2015 11:58:00","incidentType":"OTHER","incidentLocation":"WERRIBEE","incidentStatus":"Safe","incidentSize":"SMALL","name":"CURRAWONG CT","territory":"CFA","resourceCount":0,"latitude":-37.87891396343766,"longitude":144.6643122510765,"eventCode":"624","fireDistrict":"Central","municipality":"Wyndham","category1":"Other","category2":"Other","feedType":"incident","agency":"CFA","originStatus":"SAFE","createdDt":null,"lastUpdatedDt":1451437860000,"lastUpdatedDtStr":"Wed 30 Dec 12:11 PM","originDateTimeStr":"Wed 30 Dec 11:58 AM","catg1CssClass":"other","incidentSizeFmt":"Small","type":"incident"},{"incidentNo":1554538,"lastUpdateDateTime":"30/12/2015 12:06:00","originDateTime":"30/12/2015 11:51:00","incidentType":"NON STRUCTURE","incidentLocation":"RYE","incidentStatus":"Safe","incidentSize":"SMALL","name":"ROSYTH RD","territory":"CFA","resourceCount":2,"latitude":-38.37495998104887,"longitude":144.8197959883671,"eventCode":"621","fireDistrict":"Central","municipality":"Mornington Peninsula","category1":"Fire","category2":"Other","feedType":"incident","agency":"CFA","originStatus":"SAFE","createdDt":null,"lastUpdatedDt":1451437560000,"lastUpdatedDtStr":"Wed 30 Dec 12:06 PM","originDateTimeStr":"Wed 30 Dec 11:51 AM","catg1CssClass":"fire-inactive","incidentSizeFmt":"Small","type":"incident"},{"incidentNo":1554535,"lastUpdateDateTime":"30/12/2015 11:50:00","originDateTime":"30/12/2015 11:41:00","incidentType":"FALSE ALARM","incidentLocation":"FRANKSTON","incidentStatus":"Safe","incidentSize":"SMALL","name":"CRANBOURNE RD","territory":"CFA","resourceCount":0,"latitude":-38.15044294971542,"longitude":145.14890923843873,"eventCode":"660","fireDistrict":"Central","municipality":"Frankston","category1":"Fire","category2":"False Alarm","feedType":"incident","agency":"CFA","originStatus":"SAFE","createdDt":null,"lastUpdatedDt":1451436600000,"lastUpdatedDtStr":"Wed 30 Dec 11:50 AM","originDateTimeStr":"Wed 30 Dec 11:41 AM","catg1CssClass":"fire-inactive","incidentSizeFmt":"Small","type":"incident"},{"incidentNo":1554534,"lastUpdateDateTime":"30/12/2015 11:46:00","originDateTime":"30/12/2015 11:37:00","incidentType":"GRASS","incidentLocation":"ROCKBANK","incidentStatus":"Safe","incidentSize":"SMALL","name":"","territory":"CFA","resourceCount":0,"latitude":-37.71365497076066,"longitude":144.6371834937653,"eventCode":"622","fireDistrict":"Central","municipality":"Melton","category1":"Fire","category2":"Bushfire","feedType":"incident","agency":"CFA","originStatus":"SAFE","createdDt":null,"lastUpdatedDt":1451436360000,"lastUpdatedDtStr":"Wed 30 Dec 11:46 AM","originDateTimeStr":"Wed 30 Dec 11:37 AM","catg1CssClass":"fire-inactive","incidentSizeFmt":"Small","type":"incident"},{"incidentNo":1554537,"lastUpdateDateTime":"30/12/2015 11:45:00","originDateTime":"29/12/2015 11:15:00","incidentType":"BUSHFIRE","incidentLocation":"9KM SE OF TALLAROOK","incidentStatus":"Safe","incidentSize":"0.10 HA.","name":"TALLAROOK - FREEMANS CAMP","territory":"DELWP","resourceCount":0,"latitude":-37.1627,"longitude":145.1642,"eventCode":"","fireDistrict":"North Central","municipality":"Mitchell","category1":"Fire","category2":"Bushfire","feedType":"incident","agency":"DELWP","originStatus":"SAFE","createdDt":null,"lastUpdatedDt":1451436300000,"lastUpdatedDtStr":"Wed 30 Dec 11:45 AM","originDateTimeStr":"Tue 29 Dec 11:15 AM","catg1CssClass":"fire-inactive","incidentSizeFmt":"0.10 HA.","type":"incident"},{"incidentNo":1554536,"lastUpdateDateTime":"30/12/2015 11:40:00","originDateTime":"29/12/2015 11:30:00","incidentType":"BUSHFIRE","incidentLocation":"8KM EAST OF TALLAROOK","incidentStatus":"Safe","incidentSize":"0.10 HA.","name":"TALLAROOK - TRAWOOL RESERVOIR","territory":"DELWP","resourceCount":0,"latitude":-37.1217,"longitude":145.1922,"eventCode":"","fireDistrict":"North Central","municipality":"Mitchell","category1":"Fire","category2":"Bushfire","feedType":"incident","agency":"DELWP","originStatus":"SAFE","createdDt":null,"lastUpdatedDt":1451436000000,"lastUpdatedDtStr":"Wed 30 Dec 11:40 AM","originDateTimeStr":"Tue 29 Dec 11:30 AM","catg1CssClass":"fire-inactive","incidentSizeFmt":"0.10 HA.","type":"incident"},{"incidentNo":1552259,"lastUpdateDateTime":"30/12/2015 11:36:00","originDateTime":"19/12/2015 17:34:00","incidentType":"BUSHFIRE","incidentLocation":"NORTH OF SOUTH WEST ARM TRACK","incidentStatus":"Safe","incidentSize":"0.10 HA.","name":"GENOA- SOUTH WEST ARM TRACK","territory":"DELWP","resourceCount":0,"latitude":-37.5024,"longitude":149.6879,"eventCode":"","fireDistrict":"East Gippsland","municipality":"East Gippsland","category1":"Fire","category2":"Bushfire","feedType":"incident","agency":"DELWP","originStatus":"SAFE","createdDt":null,"lastUpdatedDt":1451435760000,"lastUpdatedDtStr":"Wed 30 Dec 11:36 AM","originDateTimeStr":"Sat 19 Dec 05:34 PM","catg1CssClass":"fire-inactive","incidentSizeFmt":"0.10 HA.","type":"incident"},{"incidentNo":1554533,"lastUpdateDateTime":"30/12/2015 11:34:00","originDateTime":"29/12/2015 10:30:00","incidentType":"BUSHFIRE","incidentLocation":"7KM EAST OF WONDONG","incidentStatus":"Safe","incidentSize":"0.10 HA.","name":"MT DISSAPOINTMENT - ANDERSONS","territory":"DELWP","resourceCount":0,"latitude":-37.3538,"longitude":145.1065,"eventCode":"","fireDistrict":"North Central","municipality":"Mitchell","category1":"Fire","category2":"Bushfire","feedType":"incident","agency":"DELWP","originStatus":"SAFE","createdDt":null,"lastUpdatedDt":1451435640000,"lastUpdatedDtStr":"Wed 30 Dec 11:34 AM","originDateTimeStr":"Tue 29 Dec 10:30 AM","catg1CssClass":"fire-inactive","incidentSizeFmt":"0.10 HA.","type":"incident"},{"incidentNo":1554532,"lastUpdateDateTime":"30/12/2015 11:21:00","originDateTime":"29/12/2015 10:00:00","incidentType":"BUSHFIRE","incidentLocation":"10KM SE OF WONDONG","incidentStatus":"Safe","incidentSize":"0.10 HA.","name":"MT DISSAPOINTMENT - BLAIRS HUT","territory":"DELWP","resourceCount":0,"latitude":-37.4199,"longitude":145.1286,"eventCode":"","fireDistrict":"Central","municipality":"Whittlesea","category1":"Fire","category2":"Bushfire","feedType":"incident","agency":"DELWP","originStatus":"SAFE","createdDt":null,"lastUpdatedDt":1451434860000,"lastUpdatedDtStr":"Wed 30 Dec 11:21 AM","originDateTimeStr":"Tue 29 Dec 10:00 AM","catg1CssClass":"fire-inactive","incidentSizeFmt":"0.10 HA.","type":"incident"},{"incidentNo":1554526,"lastUpdateDateTime":"30/12/2015 11:20:00","originDateTime":"30/12/2015 10:10:00","incidentType":"WASHAWAY","incidentLocation":"TRARALGON","incidentStatus":"Safe","incidentSize":"SMALL","name":"PRINCES HWY","territory":"CFA","resourceCount":0,"latitude":-38.2204996509793,"longitude":146.47226272825458,"eventCode":"625","fireDistrict":"West And South Gippsland","municipality":"Latrobe","category1":"Accident / Rescue","category2":"Washaway","feedType":"incident","agency":"CFA","originStatus":"SAFE","createdDt":null,"lastUpdatedDt":1451434800000,"lastUpdatedDtStr":"Wed 30 Dec 11:20 AM","originDateTimeStr":"Wed 30 Dec 10:10 AM","catg1CssClass":"ar-road","incidentSizeFmt":"Small","type":"incident"},{"incidentNo":1552313,"lastUpdateDateTime":"30/12/2015 11:09:00","originDateTime":"19/12/2015 19:00:00","incidentType":"BUSHFIRE","incidentLocation":"KAYE THURRA LINK TRACK","incidentStatus":"Safe","incidentSize":"20.00 HA.","name":"CANN RIVER- MT KAYE","territory":"DELWP","resourceCount":2,"latitude":-37.3941,"longitude":149.3124,"eventCode":"","fireDistrict":"East Gippsland","municipality":"East Gippsland","category1":"Fire","category2":"Bushfire","feedType":"incident","agency":"DELWP","originStatus":"SAFE","createdDt":null,"lastUpdatedDt":1451434140000,"lastUpdatedDtStr":"Wed 30 Dec 11:09 AM","originDateTimeStr":"Sat 19 Dec 07:00 PM","catg1CssClass":"fire-inactive","incidentSizeFmt":"20.00 HA.","type":"incident"}]}