{"results":[{"incidentNo":1537619,"lastUpdateDateTime":"25/09/2015 11:04:00","originDateTime":"25/09/2015 10:57:00","incidentType":"BUSHFIRE","incidentLocation":"3KM SE FROM WARRENBYNE","incidentStatus":"Not Yet Under Control","incidentSize":"0.01 HA.","name":"WARRENBYNE - ESCREET ROAD","territory":"DELWP","resourceCount":1,"latitude":-36.713,"longitude":145.9016,"eventCode":"","fireDistrict":"North East","municipality":"Benalla","category1":"Fire","category2":"Bushfire","feedType":"incident","agency":"DELWP","originStatus":"CONTAINED","createdDt":null,"lastUpdatedDt":1443143040000,"lastUpdatedDtStr":"Fri 25 Sep 11:04 AM","originDateTimeStr":"Fri 25 Sep 10:57 AM","catg1CssClass":"fire-active","incidentSizeFmt":"0.01 HA.","type":"incident"},{"incidentNo":150912402,"lastUpdateDateTime":"25/09/2015 11:13:04","originDateTime":"25/09/2015 11:13:04","incidentType":"Medical Emergency","incidentLocation":"BOX HILL NORTH","incidentStatus":"Responding","incidentSize":"Small","name":"TWYFORD ST","territory":"MFB","resourceCount":1,"latitude":-37.80556985510078,"longitude":145.1339781825318,"eventCode":"Medical Emergency","fireDistrict":"Central","municipality":"Whitehorse","category1":"Medical","category2":"Medical Emergency","feedType":"incident","agency":"MFB","originStatus":"Initiated","createdDt":null,"lastUpdatedDt":1443143584000,"lastUpdatedDtStr":"Fri 25 Sep 11:13 AM","originDateTimeStr":"Fri 25 Sep 11:13 AM","catg1CssClass":"medical","incidentSizeFmt":"Small","type":"incident"},{"incidentNo":150912389,"lastUpdateDateTime":"25/09/2015 11:07:34","originDateTime":"25/09/2015 11:07:34","incidentType":"Incident","incidentLocation":"HIGHETT","incidentStatus":"Responding","incidentSize":"Small","name":"HIGHETT","territory":"MFB","resourceCount":1,"latitude":-37.951458694942545,"longitude":145.04765098592537,"eventCode":"Incident","fireDistrict":"Central","municipality":"Kingston","category1":"Accident / Rescue","category2":"Incident","feedType":"incident","agency":"MFB","originStatus":"Initiated","createdDt":null,"lastUpdatedDt":1443143254000,"lastUpdatedDtStr":"Fri 25 Sep 11:07 AM","originDateTimeStr":"Fri 25 Sep 11:07 AM","catg1CssClass":"other","incidentSizeFmt":"Small","type":"incident"},{"incidentNo":1537439,"lastUpdateDateTime":"23/09/2015 14:58:00","originDateTime":"23/09/2015 14:40:00","incidentType":"BUSHFIRE","incidentLocation":"10 KM SOUTH OF CASTLEMAINE","incidentStatus":"Under Control","incidentSize":"0.10 HA.","name":"VAUGHAN - GREVILLE STREET","territory":"DELWP","resourceCount":2,"latitude":-37.16219,"longitude":144.21385,"eventCode":"","fireDistrict":"North Central","municipality":"Mount Alexander","category1":"Fire","category2":"Bushfire","feedType":"incident","agency":"DELWP","originStatus":"CONTROLLED","createdDt":null,"lastUpdatedDt":1442984280000,"lastUpdatedDtStr":"Wed 23 Sep 02:58 PM","originDateTimeStr":"Wed 23 Sep 02:40 PM","catg1CssClass":"fire-inactive","incidentSizeFmt":"0.10 HA.","type":"incident"},{"incidentNo":1535805,"lastUpdateDateTime":"22/09/2015 11:31:00","originDateTime":"10/09/2015 13:26:00","incidentType":"BUSHFIRE","incidentLocation":"5KM SE OF RED CLIFFS","incidentStatus":"Under Control","incidentSize":"30.00 HA.","name":"RED CLIFFS - WOOMERA AVE","territory":"DELWP","resourceCount":0,"latitude":-34.330524,"longitude":142.23924,"eventCode":"","fireDistrict":"Mallee","municipality":"Mildura","category1":"Fire","category2":"Bushfire","feedType":"incident","agency":"DELWP","originStatus":"CONTROLLED","createdDt":null,"lastUpdatedDt":1442885460000,"lastUpdatedDtStr":"Tue 22 Sep 11:31 AM","originDateTimeStr":"Thu 10 Sep 01:26 PM","catg1CssClass":"fire-inactive","incidentSizeFmt":"30.00 HA.","type":"incident"},{"incidentNo":878504,"lastUpdateDateTime":"24/09/2015 15:45:46","originDateTime":"24/09/2015 11:21:23","incidentType":"PLANNED BURN","incidentLocation":"1 km West of Heyfield","incidentStatus":"Patrolled","incidentSize":"0.1","name":"Heyfield - Wetlands Heap","territory":"COM LOCAL","resourceCount":0,"latitude":-37.9825,"longitude":146.7814,"eventCode":"","fireDistrict":"West And South Gippsland","municipality":"Wellington","category1":"Planned Burn","category2":"Planned Burn","feedType":"incident","agency":"DELWP","originStatus":"PATROLLED","createdDt":null,"lastUpdatedDt":1443073546000,"lastUpdatedDtStr":"Thu 24 Sep 03:45 PM","originDateTimeStr":"Thu 24 Sep 11:21 AM","catg1CssClass":"planned_burn","incidentSizeFmt":"0.1 HA.","type":"incident"},{"incidentNo":868212,"lastUpdateDateTime":"24/09/2015 15:38:01","originDateTime":"22/09/2015 13:39:46","incidentType":"PLANNED BURN","incidentLocation":"6.5KM SE OF BIG PATS CREEK","incidentStatus":"Patrolled","incidentSize":"1","name":"EAST WARBURTON - MISSISSIPPI F/L BURN HEAPS","territory":"DEPI","resourceCount":0,"latitude":-37.791,"longitude":145.8052,"eventCode":"","fireDistrict":"Central","municipality":"Yarra Ranges","category1":"Planned Burn","category2":"Planned Burn","feedType":"incident","agency":"DELWP","originStatus":"PATROLLED","createdDt":null,"lastUpdatedDt":1443073081000,"lastUpdatedDtStr":"Thu 24 Sep 03:38 PM","originDateTimeStr":"Tue 22 Sep 01:39 PM","catg1CssClass":"planned_burn","incidentSizeFmt":"1 HA.","type":"incident"},{"incidentNo":824327,"lastUpdateDateTime":"23/09/2015 15:37:42","originDateTime":"29/10/2013 12:40:03","incidentType":"PLANNED BURN","incidentLocation":"SHERBROOKE (Melways 75H2)","incidentStatus":"Patrolled","incidentSize":"0.01","name":"SHERBROOKE - TINDALE GARDENS","territory":"COM PARKS VICTORIA","resourceCount":0,"latitude":-37.8795,"longitude":145.366,"eventCode":"","fireDistrict":"Central","municipality":"Yarra Ranges","category1":"Planned Burn","category2":"Planned Burn","feedType":"incident","agency":"DELWP","originStatus":"PATROLLED","createdDt":null,"lastUpdatedDt":1442986662000,"lastUpdatedDtStr":"Wed 23 Sep 03:37 PM","originDateTimeStr":"Tue 29 Oct 12:40 PM","catg1CssClass":"planned_burn","incidentSizeFmt":"0.01 HA.","type":"incident"},{"incidentNo":855030,"lastUpdateDateTime":"23/09/2015 14:24:12","originDateTime":"23/09/2015 09:51:32","incidentType":"PLANNED BURN","incidentLocation":"IN MACEDON","incidentStatus":"Patrolled","incidentSize":"0.01","name":"MACEDON - PV VIEW SCAPES HEAPS","territory":"PARKS VICTORIA","resourceCount":0,"latitude":-37.3901,"longitude":144.577,"eventCode":"","fireDistrict":"Central","municipality":"MacEdon Ranges","category1":"Planned Burn","category2":"Planned Burn","feedType":"incident","agency":"DELWP","originStatus":"PATROLLED","createdDt":null,"lastUpdatedDt":1442982252000,"lastUpdatedDtStr":"Wed 23 Sep 02:24 PM","originDateTimeStr":"Wed 23 Sep 09:51 AM","catg1CssClass":"planned_burn","incidentSizeFmt":"0.01 HA.","type":"incident"},{"incidentNo":704752,"lastUpdateDateTime":"23/09/2015 09:54:14","originDateTime":"03/09/2015 15:37:38","incidentType":"PLANNED BURN","incidentLocation":"10KM N BRUTHEN","incidentStatus":"Patrolled","incidentSize":"906","name":"BRUTHEN - POUND YARD","territory":"DEPI","resourceCount":0,"latitude":-37.6147,"longitude":147.8362,"eventCode":"","fireDistrict":"East Gippsland","municipality":"East Gippsland","category1":"Planned Burn","category2":"Planned Burn","feedType":"incident","agency":"DELWP","originStatus":"PATROLLED","createdDt":null,"lastUpdatedDt":1442966054000,"lastUpdatedDtStr":"Wed 23 Sep 09:54 AM","originDateTimeStr":"Thu 03 Sep 03:37 PM","catg1CssClass":"planned_burn","incidentSizeFmt":"906 HA.","type":"incident"},{"incidentNo":801478,"lastUpdateDateTime":"22/09/2015 15:52:32","originDateTime":"17/05/2015 13:22:25","incidentType":"PLANNED BURN","incidentLocation":"20KM SW HALLS GAP","incidentStatus":"Patrolled","incidentSize":"5262","name":"GRAMPIANS - SERRA RANGE COMPLEX","territory":"PARKS VICTORIA","resourceCount":0,"latitude":-37.3154,"longitude":142.4897,"eventCode":"","fireDistrict":"South West","municipality":"Southern Grampians","category1":"Planned Burn","category2":"Planned Burn","feedType":"incident","agency":"DELWP","originStatus":"PATROLLED","createdDt":null,"lastUpdatedDt":1442901152000,"lastUpdatedDtStr":"Tue 22 Sep 03:52 PM","originDateTimeStr":"Sun 17 May 01:22 PM","catg1CssClass":"planned_burn","incidentSizeFmt":"5262 HA.","type":"incident"},{"incidentNo":868520,"lastUpdateDateTime":"21/09/2015 17:06:18","originDateTime":"21/09/2015 11:22:46","incidentType":"PLANNED BURN","incidentLocation":"GEMBROOK","incidentStatus":"Patrolled","incidentSize":"1","name":"GEMBROOK - KURTH KILN BURN PILE","territory":"PARKS VICTORIA","resourceCount":0,"latitude":-37.9011,"longitude":145.5771,"eventCode":"","fireDistrict":"Central","municipality":"Cardinia","category1":"Planned Burn","category2":"Planned Burn","feedType":"incident","agency":"DELWP","originStatus":"PATROLLED","createdDt":null,"lastUpdatedDt":1442819178000,"lastUpdatedDtStr":"Mon 21 Sep 05:06 PM","originDateTimeStr":"Mon 21 Sep 11:22 AM","catg1CssClass":"planned_burn","incidentSizeFmt":"1 HA.","type":"incident"},{"incidentNo":752401,"lastUpdateDateTime":"21/09/2015 11:56:47","originDateTime":"20/09/2015 11:27:02","incidentType":"PLANNED BURN","incidentLocation":"29KM NNE OF BENDIGO","incidentStatus":"Patrolled","incidentSize":"81.48","name":"KAMAROOKA - BENDIGO TENNYSON RD","territory":"PARKS VICTORIA","resourceCount":0,"latitude":-36.5045,"longitude":144.3783,"eventCode":"","fireDistrict":"Northern Country","municipality":"Greater Bendigo","category1":"Planned Burn","category2":"Planned Burn","feedType":"incident","agency":"DELWP","originStatus":"PATROLLED","createdDt":null,"lastUpdatedDt":1442800607000,"lastUpdatedDtStr":"Mon 21 Sep 11:56 AM","originDateTimeStr":"Sun 20 Sep 11:27 AM","catg1CssClass":"planned_burn","incidentSizeFmt":"81.48 HA.","type":"incident"},{"incidentNo":766675,"lastUpdateDateTime":"20/09/2015 17:33:20","originDateTime":"20/09/2015 12:08:45","incidentType":"PLANNED BURN","incidentLocation":"39KM NW OF RAINBOW","incidentStatus":"Patrolled","incidentSize":"6658","name":"WYP - MILMED ROCK TK SOUTH","territory":"DELWP,PARKS VICTORIA","resourceCount":0,"latitude":-35.6998,"longitude":141.5759,"eventCode":"","fireDistrict":"Wimmera","municipality":"Hindmarsh","category1":"Planned Burn","category2":"Planned Burn","feedType":"incident","agency":"DELWP","originStatus":"PATROLLED","createdDt":null,"lastUpdatedDt":1442734400000,"lastUpdatedDtStr":"Sun 20 Sep 05:33 PM","originDateTimeStr":"Sun 20 Sep 12:08 PM","catg1CssClass":"planned_burn","incidentSizeFmt":"6658 HA.","type":"incident"},{"incidentNo":767265,"lastUpdateDateTime":"20/09/2015 16:59:46","originDateTime":"20/09/2015 11:27:18","incidentType":"PLANNED BURN","incidentLocation":"10KM NORTH WEST OF NAVARRE","incidentStatus":"Patrolled","incidentSize":"1003","name":"MORRL MORRL NCR","territory":"PARKS VICTORIA","resourceCount":0,"latitude":-36.8268,"longitude":142.9847,"eventCode":"","fireDistrict":"Wimmera","municipality":"Northern Grampians","category1":"Planned Burn","category2":"Planned Burn","feedType":"incident","agency":"DELWP","originStatus":"PATROLLED","createdDt":null,"lastUpdatedDt":1442732386000,"lastUpdatedDtStr":"Sun 20 Sep 04:59 PM","originDateTimeStr":"Sun 20 Sep 11:27 AM","catg1CssClass":"planned_burn","incidentSizeFmt":"1003 HA.","type":"incident"},{"incidentNo":753327,"lastUpdateDateTime":"20/09/2015 16:07:20","originDateTime":"18/09/2015 12:21:10","incidentType":"PLANNED BURN","incidentLocation":"KINGOWER TOWNSHIP","incidentStatus":"Patrolled","incidentSize":"278.2","name":"KINGOWER - MACKENZIE GULLY","territory":"DEPI","resourceCount":0,"latitude":-36.6177,"longitude":143.7575,"eventCode":"","fireDistrict":"Northern Country","municipality":"Loddon","category1":"Planned Burn","category2":"Planned Burn","feedType":"incident","agency":"DELWP","originStatus":"PATROLLED","createdDt":null,"lastUpdatedDt":1442729240000,"lastUpdatedDtStr":"Sun 20 Sep 04:07 PM","originDateTimeStr":"Fri 18 Sep 12:21 PM","catg1CssClass":"planned_burn","incidentSizeFmt":"278.2 HA.","type":"incident"},{"incidentNo":753371,"lastUpdateDateTime":"20/09/2015 16:06:13","originDateTime":"20/09/2015 11:26:46","incidentType":"PLANNED BURN","incidentLocation":"1.5KM WSW OF MARYBOROUGH","incidentStatus":"Patrolled","incidentSize":"124.6","name":"MARYBOROUGH - RESERVE TK","territory":"PARKS VICTORIA","resourceCount":0,"latitude":-37.0557,"longitude":143.717,"eventCode":"","fireDistrict":"North Central","municipality":"Central Goldfields","category1":"Planned Burn","category2":"Planned Burn","feedType":"incident","agency":"DELWP","originStatus":"PATROLLED","createdDt":null,"lastUpdatedDt":1442729173000,"lastUpdatedDtStr":"Sun 20 Sep 04:06 PM","originDateTimeStr":"Sun 20 Sep 11:26 AM","catg1CssClass":"planned_burn","incidentSizeFmt":"124.6 HA.","type":"incident"},{"incidentNo":817972,"lastUpdateDateTime":"19/09/2015 14:38:37","originDateTime":"","incidentType":"PLANNED BURN","incidentLocation":"CHEWTON TOWNSHIP","incidentStatus":"Patrolled","incidentSize":"1.6","name":"CHEWTON - SINNETT ST","territory":"DEPI","resourceCount":0,"latitude":-37.0842,"longitude":144.2684,"eventCode":"","fireDistrict":"North Central","municipality":"Mount Alexander","category1":"Planned Burn","category2":"Planned Burn","feedType":"incident","agency":"DELWP","originStatus":"PATROLLED","createdDt":null,"lastUpdatedDt":1442637517000,"lastUpdatedDtStr":"Sat 19 Sep 02:38 PM","originDateTimeStr":"Unknown","catg1CssClass":"planned_burn","incidentSizeFmt":"1.6 HA.","type":"incident"},{"incidentNo":883511,"lastUpdateDateTime":"19/09/2015 14:36:53","originDateTime":"16/09/2015 08:38:30","incidentType":"PLANNED BURN","incidentLocation":"MALDON","incidentStatus":"Patrolled","incidentSize":"1","name":"MALDON HEAPS","territory":"DELWP","resourceCount":0,"latitude":-37.0046,"longitude":144.0691,"eventCode":"","fireDistrict":"North Central","municipality":"Mount Alexander","category1":"Planned Burn","category2":"Planned Burn","feedType":"incident","agency":"DELWP","originStatus":"PATROLLED","createdDt":null,"lastUpdatedDt":1442637413000,"lastUpdatedDtStr":"Sat 19 Sep 02:36 PM","originDateTimeStr":"Wed 16 Sep 08:38 AM","catg1CssClass":"planned_burn","incidentSizeFmt":"1 HA.","type":"incident"},{"incidentNo":817970,"lastUpdateDateTime":"19/09/2015 14:36:36","originDateTime":"16/09/2015 08:38:30","incidentType":"PLANNED BURN","incidentLocation":"CHEWTON TOWNSHIP","incidentStatus":"Patrolled","incidentSize":"11.33","name":"CHEWTON - STEELE ST","territory":"PARKS VICTORIA","resourceCount":0,"latitude":-37.0811,"longitude":144.2517,"eventCode":"","fireDistrict":"North Central","municipality":"Mount Alexander","category1":"Planned Burn","category2":"Planned Burn","feedType":"incident","agency":"DELWP","originStatus":"PATROLLED","createdDt":null,"lastUpdatedDt":1442637396000,"lastUpdatedDtStr":"Sat 19 Sep 02:36 PM","originDateTimeStr":"Wed 16 Sep 08:38 AM","catg1CssClass":"planned_burn","incidentSizeFmt":"11.33 HA.","type":"incident"},{"incidentNo":805174,"lastUpdateDateTime":"19/09/2015 14:36:35","originDateTime":"13/09/2015 10:48:37","incidentType":"PLANNED BURN","incidentLocation":"1.5KM NORTH OF STUART MILL","incidentStatus":"Patrolled","incidentSize":"49.3","name":"STUART MILL - SWANTON RD","territory":"PARKS VICTORIA","resourceCount":0,"latitude":-36.7909,"longitude":143.2818,"eventCode":"","fireDistrict":"Wimmera","municipality":"Northern Grampians","category1":"Planned Burn","category2":"Planned Burn","feedType":"incident","agency":"DELWP","originStatus":"PATROLLED","createdDt":null,"lastUpdatedDt":1442637395000,"lastUpdatedDtStr":"Sat 19 Sep 02:36 PM","originDateTimeStr":"Sun 13 Sep 10:48 AM","catg1CssClass":"planned_burn","incidentSizeFmt":"49.3 HA.","type":"incident"},{"incidentNo":753391,"lastUpdateDateTime":"19/09/2015 14:36:34","originDateTime":"13/09/2015 11:06:38","incidentType":"PLANNED BURN","incidentLocation":"600M WNW OF DAISY HILL","incidentStatus":"Patrolled","incidentSize":"326.3","name":"DAISY HILL - TAGGART DRIVE","territory":"PARKS VICTORIA","resourceCount":0,"latitude":-37.1046,"longitude":143.7053,"eventCode":"","fireDistrict":"North Central","municipality":"Central Goldfields","category1":"Planned Burn","category2":"Planned Burn","feedType":"incident","agency":"DELWP","originStatus":"PATROLLED","createdDt":null,"lastUpdatedDt":1442637394000,"lastUpdatedDtStr":"Sat 19 Sep 02:36 PM","originDateTimeStr":"Sun 13 Sep 11:06 AM","catg1CssClass":"planned_burn","incidentSizeFmt":"326.3 HA.","type":"incident"},{"incidentNo":775589,"lastUpdateDateTime":"11/09/2015 16:13:45","originDateTime":"11/09/2015 10:23:17","incidentType":"PLANNED BURN","incidentLocation":"4km North of the Towong Settlement","incidentStatus":"Patrolled","incidentSize":"0.01","name":"TOWONG - CORRYONG CREEK SSR HEAPS","territory":"PARKS VICTORIA","resourceCount":0,"latitude":-36.0911,"longitude":147.9808,"eventCode":"","fireDistrict":"North East","municipality":"Towong","category1":"Planned Burn","category2":"Planned Burn","feedType":"incident","agency":"DELWP","originStatus":"PATROLLED","createdDt":null,"lastUpdatedDt":1441952025000,"lastUpdatedDtStr":"Fri 11 Sep 04:13 PM","originDateTimeStr":"Fri 11 Sep 10:23 AM","catg1CssClass":"planned_burn","incidentSizeFmt":"0.01 HA.","type":"incident"},{"incidentNo":882783,"lastUpdateDateTime":"24/07/2015 15:29:31","originDateTime":"24/07/2015 12:37:13","incidentType":"PLANNED BURN","incidentLocation":"20Km North East Orbost","incidentStatus":"Patrolled","incidentSize":"0.1","name":"Goolengook Gravel Pit Heaps","territory":"DELWP","resourceCount":0,"latitude":-37.563,"longitude":148.8841,"eventCode":"","fireDistrict":"East Gippsland","municipality":"East Gippsland","category1":"Planned Burn","category2":"Planned Burn","feedType":"incident","agency":"DELWP","originStatus":"PATROLLED","createdDt":null,"lastUpdatedDt":1437715771000,"lastUpdatedDtStr":"Fri 24 Jul 03:29 PM","originDateTimeStr":"Fri 24 Jul 12:37 PM","catg1CssClass":"planned_burn","incidentSizeFmt":"0.1 HA.","type":"incident"},{"incidentNo":150912388,"lastUpdateDateTime":"25/09/2015 11:21:51","originDateTime":"25/09/2015 11:21:51","incidentType":"Structure Fire","incidentLocation":"GLEN WAVERLEY","incidentStatus":"Safe","incidentSize":"Small","name":"LEICESTER AV","territory":"MFB","resourceCount":0,"latitude":-37.888379395793734,"longitude":145.1498137337688,"eventCode":"Structure Fire","fireDistrict":"Central","municipality":"Monash","category1":"Fire","category2":"Building Fire","feedType":"incident","agency":"MFB","originStatus":"Stop","createdDt":null,"lastUpdatedDt":1443144111000,"lastUpdatedDtStr":"Fri 25 Sep 11:21 AM","originDateTimeStr":"Fri 25 Sep 11:21 AM","catg1CssClass":"fire-inactive","incidentSizeFmt":"Small","type":"incident"},{"incidentNo":150912400,"lastUpdateDateTime":"25/09/2015 11:15:53","originDateTime":"25/09/2015 11:15:53","incidentType":"False Alarm","incidentLocation":"HAWTHORN","incidentStatus":"Safe","incidentSize":"Small","name":"BURWOOD RD","territory":"MFB","resourceCount":2,"latitude":-37.82287548864102,"longitude":145.0359272737318,"eventCode":"False Alarm","fireDistrict":"Central","municipality":"Boroondara","category1":"Fire","category2":"False Alarm","feedType":"incident","agency":"MFB","originStatus":"Stop","createdDt":null,"lastUpdatedDt":1443143753000,"lastUpdatedDtStr":"Fri 25 Sep 11:15 AM","originDateTimeStr":"Fri 25 Sep 11:15 AM","catg1CssClass":"fire-inactive","incidentSizeFmt":"Small","type":"incident"},{"incidentNo":150912395,"lastUpdateDateTime":"25/09/2015 11:14:33","originDateTime":"25/09/2015 11:14:33","incidentType":"Incident","incidentLocation":"SURREY HILLS","incidentStatus":"Safe","incidentSize":"Small","name":"SURREY HILLS","territory":"MFB","resourceCount":1,"latitude":-37.82279593267193,"longitude":145.0978429519532,"eventCode":"Incident","fireDistrict":"Central","municipality":"Boroondara","category1":"Accident / Rescue","category2":"Incident","feedType":"incident","agency":"MFB","originStatus":"Stop","createdDt":null,"lastUpdatedDt":1443143673000,"lastUpdatedDtStr":"Fri 25 Sep 11:14 AM","originDateTimeStr":"Fri 25 Sep 11:14 AM","catg1CssClass":"other","incidentSizeFmt":"Small","type":"incident"},{"incidentNo":1537614,"lastUpdateDateTime":"25/09/2015 11:14:00","originDateTime":"25/09/2015 10:05:00","incidentType":"GRASS","incidentLocation":"WARRENBAYNE","incidentStatus":"Safe","incidentSize":"SMALL","name":"ESCREET RD","territory":"CFA","resourceCount":0,"latitude":-36.71000780699722,"longitude":145.90114024449727,"eventCode":"622","fireDistrict":"North East","municipality":"Benalla","category1":"Fire","category2":"Bushfire","feedType":"incident","agency":"CFA","originStatus":"SAFE","createdDt":null,"lastUpdatedDt":1443143640000,"lastUpdatedDtStr":"Fri 25 Sep 11:14 AM","originDateTimeStr":"Fri 25 Sep 10:05 AM","catg1CssClass":"fire-inactive","incidentSizeFmt":"Small","type":"incident"},{"incidentNo":1537618,"lastUpdateDateTime":"25/09/2015 11:12:00","originDateTime":"25/09/2015 11:00:00","incidentType":"GRASS","incidentLocation":"BETHANGA","incidentStatus":"Safe","incidentSize":"SMALL","name":"TALGARNO GAP RD","territory":"CFA","resourceCount":1,"latitude":-36.12075140544881,"longitude":147.10715630188065,"eventCode":"622","fireDistrict":"North East","municipality":"Towong","category1":"Fire","category2":"Bushfire","feedType":"incident","agency":"CFA","originStatus":"SAFE","createdDt":null,"lastUpdatedDt":1443143520000,"lastUpdatedDtStr":"Fri 25 Sep 11:12 AM","originDateTimeStr":"Fri 25 Sep 11:00 AM","catg1CssClass":"fire-inactive","incidentSizeFmt":"Small","type":"incident"},{"incidentNo":1537617,"lastUpdateDateTime":"25/09/2015 10:38:00","originDateTime":"25/09/2015 10:29:00","incidentType":"STRUCTURE","incidentLocation":"REDAN","incidentStatus":"Safe","incidentSize":"SMALL","name":"YARROWEE PDE","territory":"CFA","resourceCount":0,"latitude":-37.57677666433653,"longitude":143.84656511096804,"eventCode":"611","fireDistrict":"Central","municipality":"Ballarat","category1":"Fire","category2":"Building","feedType":"incident","agency":"CFA","originStatus":"SAFE","createdDt":null,"lastUpdatedDt":1443141480000,"lastUpdatedDtStr":"Fri 25 Sep 10:38 AM","originDateTimeStr":"Fri 25 Sep 10:29 AM","catg1CssClass":"fire-inactive","incidentSizeFmt":"Small","type":"incident"},{"incidentNo":1537616,"lastUpdateDateTime":"25/09/2015 10:34:00","originDateTime":"25/09/2015 10:27:00","incidentType":"ASSIST OTHER AGENCY","incidentLocation":"MORNINGTON","incidentStatus":"Safe","incidentSize":"SMALL","name":"HERBERT ST","territory":"CFA","resourceCount":0,"latitude":-38.223136909533885,"longitude":145.04922937618574,"eventCode":"6D1","fireDistrict":"Central","municipality":"Mornington Peninsula","category1":"Medical","category2":"Medical","feedType":"incident","agency":"CFA","originStatus":"SAFE","createdDt":null,"lastUpdatedDt":1443141240000,"lastUpdatedDtStr":"Fri 25 Sep 10:34 AM","originDateTimeStr":"Fri 25 Sep 10:27 AM","catg1CssClass":"medical","incidentSizeFmt":"Small","type":"incident"},{"incidentNo":1537613,"lastUpdateDateTime":"25/09/2015 10:33:00","originDateTime":"25/09/2015 10:04:00","incidentType":"GRASS","incidentLocation":"ECHUCA WEST","incidentStatus":"Safe","incidentSize":"SMALL","name":"","territory":"CFA","resourceCount":0,"latitude":-36.21075549399996,"longitude":144.67346763072342,"eventCode":"622","fireDistrict":"Northern Country","municipality":"Campaspe","category1":"Fire","category2":"Bushfire","feedType":"incident","agency":"CFA","originStatus":"SAFE","createdDt":null,"lastUpdatedDt":1443141180000,"lastUpdatedDtStr":"Fri 25 Sep 10:33 AM","originDateTimeStr":"Fri 25 Sep 10:04 AM","catg1CssClass":"fire-inactive","incidentSizeFmt":"Small","type":"incident"},{"incidentNo":1537615,"lastUpdateDateTime":"25/09/2015 10:28:00","originDateTime":"25/09/2015 10:22:00","incidentType":"ASSIST OTHER AGENCY","incidentLocation":"MALLACOOTA","incidentStatus":"Safe","incidentSize":"SMALL","name":"MAURICE AV","territory":"CFA","resourceCount":0,"latitude":-37.55901227274646,"longitude":149.75180587148589,"eventCode":"599","fireDistrict":"East Gippsland","municipality":"East Gippsland","category1":"Other","category2":"Assist - Ambulance Vic","feedType":"incident","agency":"CFA","originStatus":"SAFE","createdDt":null,"lastUpdatedDt":1443140880000,"lastUpdatedDtStr":"Fri 25 Sep 10:28 AM","originDateTimeStr":"Fri 25 Sep 10:22 AM","catg1CssClass":"medical","incidentSizeFmt":"Small","type":"incident"}]}