{"results":[{"issueFor":"25/09/2015","status":"N","declaration":"Today, Fri, 25 Sep 2015 is not currently a day of Total Fire Ban.","declareList":[{"name":"Mallee","status":"NO - RESTRICTIONS MAY APPLY"},{"name":"Wimmera","status":"NO - RESTRICTIONS MAY APPLY"},{"name":"South West","status":"NO - RESTRICTIONS MAY APPLY"},{"name":"Northern Country","status":"NO - RESTRICTIONS MAY APPLY"},{"name":"North Central","status":"NO - RESTRICTIONS MAY APPLY"},{"name":"Central","status":"NO - RESTRICTIONS MAY APPLY"},{"name":"North East","status":"NO - RESTRICTIONS MAY APPLY"},{"name":"West and South Gippsland","status":"NO - RESTRICTIONS MAY APPLY"},{"name":"East Gippsland","status":"NO - RESTRICTIONS MAY APPLY"}]},{"issueFor":"26/09/2015","status":"N","declaration":"Tomorrow, Sat, 26 Sep 2015 is not currently a day of Total Fire Ban.","declareList":[{"name":"Mallee","status":"NO - RESTRICTIONS MAY APPLY"},{"name":"Wimmera","status":"NO - RESTRICTIONS MAY APPLY"},{"name":"South West","status":"NO - RESTRICTIONS MAY APPLY"},{"name":"Northern Country","status":"NO - RESTRICTIONS MAY APPLY"},{"name":"North Central","status":"NO - RESTRICTIONS MAY APPLY"},{"name":"Central","status":"NO - RESTRICTIONS MAY APPLY"},{"name":"North East","status":"NO - RESTRICTIONS MAY APPLY"},{"name":"West and South Gippsland","status":"NO - RESTRICTIONS MAY APPLY"},{"name":"East Gippsland","status":"NO - RESTRICTIONS MAY APPLY"}]},{"issueFor":"27/09/2015","status":"N","declaration":"Sun, 27 Sep 2015 is not currently a day of Total Fire Ban.","declareList":[{"name":"Mallee","status":"NO - RESTRICTIONS MAY APPLY"},{"name":"Wimmera","status":"NO - RESTRICTIONS MAY APPLY"},{"name":"South West","status":"NO - RESTRICTIONS MAY APPLY"},{"name":"Northern Country","status":"NO - RESTRICTIONS MAY APPLY"},{"name":"North Central","status":"NO - RESTRICTIONS MAY APPLY"},{"name":"Central","status":"NO - RESTRICTIONS MAY APPLY"},{"name":"North East","status":"NO - RESTRICTIONS MAY APPLY"},{"name":"West and South Gippsland","status":"NO - RESTRICTIONS MAY APPLY"},{"name":"East Gippsland","status":"NO - RESTRICTIONS MAY APPLY"}]},{"issueFor":"28/09/2015","status":"N","declaration":"Mon, 28 Sep 2015 is not currently a day of Total Fire Ban.","declareList":[{"name":"Mallee","status":"NO - RESTRICTIONS MAY APPLY"},{"name":"Wimmera","status":"NO - RESTRICTIONS MAY APPLY"},{"name":"South West","status":"NO - RESTRICTIONS MAY APPLY"},{"name":"Northern Country","status":"NO - RESTRICTIONS MAY APPLY"},{"name":"North Central","status":"NO - RESTRICTIONS MAY APPLY"},{"name":"Central","status":"NO - RESTRICTIONS MAY APPLY"},{"name":"North East","status":"NO - RESTRICTIONS MAY APPLY"},{"name":"West and South Gippsland","status":"NO - RESTRICTIONS MAY APPLY"},{"name":"East Gippsland","status":"NO - RESTRICTIONS MAY APPLY"}]},{"issueFor":"29/09/2015","status":"N","declaration":"Tue, 29 Sep 2015 is not currently a day of Total Fire Ban.","declareList":[{"name":"Mallee","status":"NO - RESTRICTIONS MAY APPLY"},{"name":"Wimmera","status":"NO - RESTRICTIONS MAY APPLY"},{"name":"South West","status":"NO - RESTRICTIONS MAY APPLY"},{"name":"Northern Country","status":"NO - RESTRICTIONS MAY APPLY"},{"name":"North Central","status":"NO - RESTRICTIONS MAY APPLY"},{"name":"Central","status":"NO - RESTRICTIONS MAY APPLY"},{"name":"North East","status":"NO - RESTRICTIONS MAY APPLY"},{"name":"West and South Gippsland","status":"NO - RESTRICTIONS MAY APPLY"},{"name":"East Gippsland","status":"NO - RESTRICTIONS MAY APPLY"}]},{"issueFor":"25/09/2015","issueAt":"25/09/2015 00:28:03","imgUrl":null,"declareList":[{"name":"Mallee","status":"NO FORECAST"},{"name":"Wimmera","status":"NO FORECAST"},{"name":"South West","status":"NO FORECAST"},{"name":"Northern Country","status":"NO FORECAST"},{"name":"North Central","status":"NO FORECAST"},{"name":"Central","status":"NO FORECAST"},{"name":"North East","status":"NO FORECAST"},{"name":"West and South Gippsland","status":"NO FORECAST"},{"name":"East Gippsland","status":"NO FORECAST"}]},{"issueFor":"26/09/2015","issueAt":"25/09/2015 00:28:03","imgUrl":null,"declareList":[{"name":"Mallee","status":"NO FORECAST"},{"name":"Wimmera","status":"NO FORECAST"},{"name":"South West","status":"NO FORECAST"},{"name":"Northern Country","status":"NO FORECAST"},{"name":"North Central","status":"NO FORECAST"},{"name":"Central","status":"NO FORECAST"},{"name":"North East","status":"NO FORECAST"},{"name":"West and South Gippsland","status":"NO FORECAST"},{"name":"East Gippsland","status":"NO FORECAST"}]},{"issueFor":"27/09/2015","issueAt":"25/09/2015 00:28:03","imgUrl":null,"declareList":[{"name":"Mallee","status":"NO FORECAST"},{"name":"Wimmera","status":"NO FORECAST"},{"name":"South West","status":"NO FORECAST"},{"name":"Northern Country","status":"NO FORECAST"},{"name":"North Central","status":"NO FORECAST"},{"name":"Central","status":"NO FORECAST"},{"name":"North East","status":"NO FORECAST"},{"name":"West and South Gippsland","status":"NO FORECAST"},{"name":"East Gippsland","status":"NO FORECAST"}]},{"issueFor":"28/09/2015","issueAt":"25/09/2015 00:28:03","imgUrl":null,"declareList":[{"name":"Mallee","status":"NO FORECAST"},{"name":"Wimmera","status":"NO FORECAST"},{"name":"South West","status":"NO FORECAST"},{"name":"Northern Country","status":"NO FORECAST"},{"name":"North Central","status":"NO FORECAST"},{"name":"Central","status":"NO FORECAST"},{"name":"North East","status":"NO FORECAST"},{"name":"West and South Gippsland","status":"NO FORECAST"},{"name":"East Gippsland","status":"NO FORECAST"}]},{"issueFor":"29/09/2015","issueAt":"25/09/2015 00:28:03","imgUrl":null,"declareList":[{"name":"Mallee","status":"NO FORECAST"},{"name":"Wimmera","status":"NO FORECAST"},{"name":"South West","status":"NO FORECAST"},{"name":"Northern Country","status":"NO FORECAST"},{"name":"North Central","status":"NO FORECAST"},{"name":"Central","status":"NO FORECAST"},{"name":"North East","status":"NO FORECAST"},{"name":"West and South Gippsland","status":"NO FORECAST"},{"name":"East Gippsland","status":"NO FORECAST"}]}]}
