<?xml version="1.0" encoding="UTF-8"?>
<feed xmlns="http://www.w3.org/2005/Atom" xmlns:dc="http://purl.org/dc/elements/1.1/">
  <title>Earthquake Alert Feeds</title>
  <link rel="alternate" href="http://www.ga.gov.au/earthquakes/" />
  <subtitle>Earthquake Alert feeds</subtitle>
  <id>http://www.ga.gov.au/earthquakes/b1ef4e25-9266-430b-843a-f69062496a91</id>
  <updated>2015-12-30T01:17:34Z</updated>
  <dc:date>2015-12-30T01:17:34Z</dc:date>
  <dc:language>en-au</dc:language>
  <entry>
    <title>Feed Common Alert Protocol message</title>
    <link rel="alternate" href="http://www.ga.gov.au/earthquakes/getQuakeDetails.do?quakeId=3762380&amp;&amp;orid=1253049" />
    <author>
      <name>Geoscience Australia</name>
    </author>
    <updated>2015-12-30T01:17:34Z</updated>
    <published>2015-12-30T01:17:34Z</published>
    <summary type="text/xml">
      <alert xmlns="urn:oasis:names:tc:emergency:cap:1.2">
        <id>1a72b3bb-299d-40f6-b22d-e8075df7b35c</id>
        <identifier>1088291</identifier>
        <sender>earthquakes@ga.gov.au</sender>
        <sent>2015-12-23T01:28:03-00:00</sent>
        <status>Actual</status>
        <msgType>Alert</msgType>
        <scope>Public</scope>
        <incidents>GAEQ49497</incidents>
        <info>
          <category>Geo</category>
          <event>Earthquake</event>
          <urgency>Unknown</urgency>
          <severity>Moderate</severity>
          <certainty>Unknown</certainty>
          <onset>2015-12-22T13:05:13-00:00</onset>
          <senderName>Geoscience Australia</senderName>
          <headline>Magnitude 5.100000 earthquake - Kermadec Islands Region. - 22/12/2015 13:05:13 (UTC)</headline>
          <description>A magnitude 5.100000 earthquake has occurred in "Kermadec Islands Region." at a depth of 60.000000 km at 22/12/2015 13:05:13 (UTC)</description>
          <web>http://www.ga.gov.au/earthquakes/getQuakeDetails.do?quakeId=3762380&amp;&amp;orid=1253049</web>
          <contact>Call: 1800 123 456, Email: earthquakes@ga.gov.au, Web: http://www.ga.gov.au/earthquakes/</contact>
          <parameter>
            <valueName>Magnitude</valueName>
            <value>5.100000</value>
          </parameter>
          <parameter>
            <valueName>Depth (km)</valueName>
            <value>Approx. 60.000000</value>
          </parameter>
          <area>
            <circle>-28.282000,-175.775000 0</circle>
            <areaDesc />
          </area>
        </info>
      </alert>
    </summary>
    <dc:creator>Geoscience Australia</dc:creator>
    <dc:date>2015-12-30T01:17:34Z</dc:date>
  </entry>
  <entry>
    <title>Feed Common Alert Protocol message</title>
    <link rel="alternate" href="http://www.ga.gov.au/earthquakes/getQuakeDetails.do?quakeId=3763021&amp;&amp;orid=1253740" />
    <author>
      <name>Geoscience Australia</name>
    </author>
    <updated>2015-12-30T01:17:34Z</updated>
    <published>2015-12-30T01:17:34Z</published>
    <summary type="text/xml">
      <alert xmlns="urn:oasis:names:tc:emergency:cap:1.2">
        <id>5d2ea27f-c2dd-4cf7-a6a5-0d5f6f73191c</id>
        <identifier>1088683</identifier>
        <sender>earthquakes@ga.gov.au</sender>
        <sent>2015-12-24T10:03:39-00:00</sent>
        <status>Actual</status>
        <msgType>Alert</msgType>
        <scope>Public</scope>
        <incidents>GAEQ49567</incidents>
        <info>
          <category>Geo</category>
          <event>Earthquake</event>
          <urgency>Unknown</urgency>
          <severity>Moderate</severity>
          <certainty>Unknown</certainty>
          <onset>2015-12-23T15:36:55-00:00</onset>
          <senderName>Geoscience Australia</senderName>
          <headline>Magnitude 5.400000 earthquake - Loyalty Islands. - 23/12/2015 15:36:55 (UTC)</headline>
          <description>A magnitude 5.400000 earthquake has occurred in "Loyalty Islands." at a depth of 25.000000 km at 23/12/2015 15:36:55 (UTC)</description>
          <web>http://www.ga.gov.au/earthquakes/getQuakeDetails.do?quakeId=3763021&amp;&amp;orid=1253740</web>
          <contact>Call: 1800 123 456, Email: earthquakes@ga.gov.au, Web: http://www.ga.gov.au/earthquakes/</contact>
          <parameter>
            <valueName>Magnitude</valueName>
            <value>5.400000</value>
          </parameter>
          <parameter>
            <valueName>Depth (km)</valueName>
            <value>Approx. 25.000000</value>
          </parameter>
          <area>
            <circle>-21.049000,168.524000 0</circle>
            <areaDesc />
          </area>
        </info>
      </alert>
    </summary>
    <dc:creator>Geoscience Australia</dc:creator>
    <dc:date>2015-12-30T01:17:34Z</dc:date>
  </entry>
  <entry>
    <title>Feed Common Alert Protocol message</title>
    <link rel="alternate" href="http://www.ga.gov.au/earthquakes/getQuakeDetails.do?quakeId=3762997&amp;&amp;orid=1253702" />
    <author>
      <name>Geoscience Australia</name>
    </author>
    <updated>2015-12-30T01:17:34Z</updated>
    <published>2015-12-30T01:17:34Z</published>
    <summary type="text/xml">
      <alert xmlns="urn:oasis:names:tc:emergency:cap:1.2">
        <id>f72a4f5a-d7d1-416a-821c-be3efb24d3ff</id>
        <identifier>1088934</identifier>
        <sender>earthquakes@ga.gov.au</sender>
        <sent>2015-12-24T09:05:51-00:00</sent>
        <status>Actual</status>
        <msgType>Alert</msgType>
        <scope>Public</scope>
        <incidents>GAEQ49566</incidents>
        <info>
          <category>Geo</category>
          <event>Earthquake</event>
          <urgency>Unknown</urgency>
          <severity>Minor</severity>
          <certainty>Unknown</certainty>
          <onset>2015-12-23T02:07:02-00:00</onset>
          <senderName>Geoscience Australia</senderName>
          <headline>Magnitude 2.100000 earthquake - Crystal Brook, SA. - 23/12/2015 02:07:02 (UTC)</headline>
          <description>A magnitude 2.100000 earthquake has occurred in "Crystal Brook, SA." at a depth of 6.000000 km at 23/12/2015 02:07:02 (UTC)</description>
          <web>http://www.ga.gov.au/earthquakes/getQuakeDetails.do?quakeId=3762997&amp;&amp;orid=1253702</web>
          <contact>Call: 1800 123 456, Email: earthquakes@ga.gov.au, Web: http://www.ga.gov.au/earthquakes/</contact>
          <parameter>
            <valueName>Magnitude</valueName>
            <value>2.100000</value>
          </parameter>
          <parameter>
            <valueName>Depth (km)</valueName>
            <value>Approx. 6.000000</value>
          </parameter>
          <area>
            <circle>-33.330000,138.260000 0</circle>
            <areaDesc />
          </area>
        </info>
      </alert>
    </summary>
    <dc:creator>Geoscience Australia</dc:creator>
    <dc:date>2015-12-30T01:17:34Z</dc:date>
  </entry>
  <entry>
    <title>Feed Common Alert Protocol message</title>
    <link rel="alternate" href="http://www.ga.gov.au/earthquakes/getQuakeDetails.do?quakeId=3762594&amp;&amp;orid=1253292" />
    <author>
      <name>Geoscience Australia</name>
    </author>
    <updated>2015-12-30T01:17:34Z</updated>
    <published>2015-12-30T01:17:34Z</published>
    <summary type="text/xml">
      <alert xmlns="urn:oasis:names:tc:emergency:cap:1.2">
        <id>aa5d199f-48af-4ae1-a4ce-b752d313173e</id>
        <identifier>1088527</identifier>
        <sender>earthquakes@ga.gov.au</sender>
        <sent>2015-12-23T14:32:25-00:00</sent>
        <status>Actual</status>
        <msgType>Alert</msgType>
        <scope>Public</scope>
        <incidents>GAEQ49500</incidents>
        <info>
          <category>Geo</category>
          <event>Earthquake</event>
          <urgency>Unknown</urgency>
          <severity>Minor</severity>
          <certainty>Unknown</certainty>
          <onset>2015-12-22T04:51:43-00:00</onset>
          <senderName>Geoscience Australia</senderName>
          <headline>Magnitude 2.200000 earthquake - SW of Whyalla, SA. - 22/12/2015 04:51:43 (UTC)</headline>
          <description>A magnitude 2.200000 earthquake has occurred in "SW of Whyalla, SA." at a depth of 0.000000 km at 22/12/2015 04:51:43 (UTC)</description>
          <web>http://www.ga.gov.au/earthquakes/getQuakeDetails.do?quakeId=3762594&amp;&amp;orid=1253292</web>
          <contact>Call: 1800 123 456, Email: earthquakes@ga.gov.au, Web: http://www.ga.gov.au/earthquakes/</contact>
          <parameter>
            <valueName>Magnitude</valueName>
            <value>2.200000</value>
          </parameter>
          <parameter>
            <valueName>Depth (km)</valueName>
            <value>Approx. 0.000000</value>
          </parameter>
          <area>
            <circle>-33.162000,137.205000 0</circle>
            <areaDesc />
          </area>
        </info>
      </alert>
    </summary>
    <dc:creator>Geoscience Australia</dc:creator>
    <dc:date>2015-12-30T01:17:34Z</dc:date>
  </entry>
  <entry>
    <title>Feed Common Alert Protocol message</title>
    <link rel="alternate" href="http://www.ga.gov.au/earthquakes/getQuakeDetails.do?quakeId=3762541&amp;&amp;orid=1253222" />
    <author>
      <name>Geoscience Australia</name>
    </author>
    <updated>2015-12-30T01:17:34Z</updated>
    <published>2015-12-30T01:17:34Z</published>
    <summary type="text/xml">
      <alert xmlns="urn:oasis:names:tc:emergency:cap:1.2">
        <id>31720e60-c2d2-487e-835f-749ee0e5e33a</id>
        <identifier>1088141</identifier>
        <sender>earthquakes@ga.gov.au</sender>
        <sent>2015-12-23T09:34:17-00:00</sent>
        <status>Actual</status>
        <msgType>Alert</msgType>
        <scope>Public</scope>
        <incidents>GAEQ49498</incidents>
        <info>
          <category>Geo</category>
          <event>Earthquake</event>
          <urgency>Unknown</urgency>
          <severity>Minor</severity>
          <certainty>Unknown</certainty>
          <onset>2015-12-22T00:18:41-00:00</onset>
          <senderName>Geoscience Australia</senderName>
          <headline>Magnitude 4.900000 earthquake - Borneo. - 22/12/2015 00:18:41 (UTC)</headline>
          <description>A magnitude 4.900000 earthquake has occurred in "Borneo." at a depth of 45.000000 km at 22/12/2015 00:18:41 (UTC)</description>
          <web>http://www.ga.gov.au/earthquakes/getQuakeDetails.do?quakeId=3762541&amp;&amp;orid=1253222</web>
          <contact>Call: 1800 123 456, Email: earthquakes@ga.gov.au, Web: http://www.ga.gov.au/earthquakes/</contact>
          <parameter>
            <valueName>Magnitude</valueName>
            <value>4.900000</value>
          </parameter>
          <parameter>
            <valueName>Depth (km)</valueName>
            <value>Approx. 45.000000</value>
          </parameter>
          <area>
            <circle>3.649000,117.838000 0</circle>
            <areaDesc />
          </area>
        </info>
      </alert>
    </summary>
    <dc:creator>Geoscience Australia</dc:creator>
    <dc:date>2015-12-30T01:17:34Z</dc:date>
  </entry>
  <entry>
    <title>Feed Common Alert Protocol message</title>
    <link rel="alternate" href="http://www.ga.gov.au/earthquakes/getQuakeDetails.do?quakeId=3762543&amp;&amp;orid=1253229" />
    <author>
      <name>Geoscience Australia</name>
    </author>
    <updated>2015-12-30T01:17:34Z</updated>
    <published>2015-12-30T01:17:34Z</published>
    <summary type="text/xml">
      <alert xmlns="urn:oasis:names:tc:emergency:cap:1.2">
        <id>d281d47a-8216-4c9d-9547-a7868e0a6cd1</id>
        <identifier>1088291</identifier>
        <sender>earthquakes@ga.gov.au</sender>
        <sent>2015-12-23T10:21:35-00:00</sent>
        <status>Actual</status>
        <msgType>Alert</msgType>
        <scope>Public</scope>
        <incidents>GAEQ49546</incidents>
        <info>
          <category>Geo</category>
          <event>Earthquake</event>
          <urgency>Unknown</urgency>
          <severity>Moderate</severity>
          <certainty>Unknown</certainty>
          <onset>2015-12-22T13:05:11-00:00</onset>
          <senderName>Geoscience Australia</senderName>
          <headline>Magnitude 5.100000 earthquake - Kermadec Islands Region. - 22/12/2015 13:05:11 (UTC)</headline>
          <description>A magnitude 5.100000 earthquake has occurred in "Kermadec Islands Region." at a depth of 47.000000 km at 22/12/2015 13:05:11 (UTC)</description>
          <web>http://www.ga.gov.au/earthquakes/getQuakeDetails.do?quakeId=3762543&amp;&amp;orid=1253229</web>
          <contact>Call: 1800 123 456, Email: earthquakes@ga.gov.au, Web: http://www.ga.gov.au/earthquakes/</contact>
          <parameter>
            <valueName>Magnitude</valueName>
            <value>5.100000</value>
          </parameter>
          <parameter>
            <valueName>Depth (km)</valueName>
            <value>Approx. 47.000000</value>
          </parameter>
          <area>
            <circle>-28.369000,-175.694000 0</circle>
            <areaDesc />
          </area>
        </info>
      </alert>
    </summary>
    <dc:creator>Geoscience Australia</dc:creator>
    <dc:date>2015-12-30T01:17:34Z</dc:date>
  </entry>
  <entry>
    <title>Feed Common Alert Protocol message</title>
    <link rel="alternate" href="http://www.ga.gov.au/earthquakes/getQuakeDetails.do?quakeId=3762542&amp;&amp;orid=1253226" />
    <author>
      <name>Geoscience Australia</name>
    </author>
    <updated>2015-12-30T01:17:34Z</updated>
    <published>2015-12-30T01:17:34Z</published>
    <summary type="text/xml">
      <alert xmlns="urn:oasis:names:tc:emergency:cap:1.2">
        <id>cd7c6408-7150-4274-bb49-fbe86145ddbd</id>
        <identifier>1088254</identifier>
        <sender>earthquakes@ga.gov.au</sender>
        <sent>2015-12-23T09:36:39-00:00</sent>
        <status>Actual</status>
        <msgType>Alert</msgType>
        <scope>Public</scope>
        <incidents>GAEQ49544</incidents>
        <info>
          <category>Geo</category>
          <event>Earthquake</event>
          <urgency>Unknown</urgency>
          <severity>Moderate</severity>
          <certainty>Unknown</certainty>
          <onset>2015-12-22T10:06:49-00:00</onset>
          <senderName>Geoscience Australia</senderName>
          <headline>Magnitude 5.000000 earthquake - Banda Sea. - 22/12/2015 10:06:49 (UTC)</headline>
          <description>A magnitude 5.000000 earthquake has occurred in "Banda Sea." at a depth of 2.000000 km at 22/12/2015 10:06:49 (UTC)</description>
          <web>http://www.ga.gov.au/earthquakes/getQuakeDetails.do?quakeId=3762542&amp;&amp;orid=1253226</web>
          <contact>Call: 1800 123 456, Email: earthquakes@ga.gov.au, Web: http://www.ga.gov.au/earthquakes/</contact>
          <parameter>
            <valueName>Magnitude</valueName>
            <value>5.000000</value>
          </parameter>
          <parameter>
            <valueName>Depth (km)</valueName>
            <value>Approx. 2.000000</value>
          </parameter>
          <area>
            <circle>-7.832000,129.964000 0</circle>
            <areaDesc />
          </area>
        </info>
      </alert>
    </summary>
    <dc:creator>Geoscience Australia</dc:creator>
    <dc:date>2015-12-30T01:17:34Z</dc:date>
  </entry>
  <entry>
    <title>Feed Common Alert Protocol message</title>
    <link rel="alternate" href="http://www.ga.gov.au/earthquakes/getQuakeDetails.do?quakeId=3765438&amp;&amp;orid=1256205" />
    <author>
      <name>Geoscience Australia</name>
    </author>
    <updated>2015-12-30T01:17:34Z</updated>
    <published>2015-12-30T01:17:34Z</published>
    <summary type="text/xml">
      <alert xmlns="urn:oasis:names:tc:emergency:cap:1.2">
        <id>9bbe12c1-f974-4a49-bfb0-b1182208cbbe</id>
        <identifier>1091389</identifier>
        <sender>earthquakes@ga.gov.au</sender>
        <sent>2015-12-30T12:01:05-00:00</sent>
        <status>Actual</status>
        <msgType>Alert</msgType>
        <scope>Public</scope>
        <incidents>GAEQ49591</incidents>
        <info>
          <category>Geo</category>
          <event>Earthquake</event>
          <urgency>Unknown</urgency>
          <severity>Minor</severity>
          <certainty>Unknown</certainty>
          <onset>2015-12-30T00:31:42-00:00</onset>
          <senderName>Geoscience Australia</senderName>
          <headline>Magnitude 4.500000 earthquake - New Britain Region, P.N.G.. - 30/12/2015 00:31:42 (UTC)</headline>
          <description>A magnitude 4.500000 earthquake has occurred in "New Britain Region, P.N.G.." at a depth of 100.000000 km at 30/12/2015 00:31:42 (UTC)</description>
          <web>http://www.ga.gov.au/earthquakes/getQuakeDetails.do?quakeId=3765438&amp;&amp;orid=1256205</web>
          <contact>Call: 1800 123 456, Email: earthquakes@ga.gov.au, Web: http://www.ga.gov.au/earthquakes/</contact>
          <parameter>
            <valueName>Magnitude</valueName>
            <value>4.500000</value>
          </parameter>
          <parameter>
            <valueName>Depth (km)</valueName>
            <value>Approx. 100.000000</value>
          </parameter>
          <area>
            <circle>-5.655000,148.985000 0</circle>
            <areaDesc />
          </area>
        </info>
      </alert>
    </summary>
    <dc:creator>Geoscience Australia</dc:creator>
    <dc:date>2015-12-30T01:17:34Z</dc:date>
  </entry>
  <entry>
    <title>Feed Common Alert Protocol message</title>
    <link rel="alternate" href="http://www.ga.gov.au/earthquakes/getQuakeDetails.do?quakeId=3763822&amp;&amp;orid=1254568" />
    <author>
      <name>Geoscience Australia</name>
    </author>
    <updated>2015-12-30T01:17:34Z</updated>
    <published>2015-12-30T01:17:34Z</published>
    <summary type="text/xml">
      <alert xmlns="urn:oasis:names:tc:emergency:cap:1.2">
        <id>4ba71b10-05f0-419e-902e-c56ccdb002f6</id>
        <identifier>1089761</identifier>
        <sender>earthquakes@ga.gov.au</sender>
        <sent>2015-12-26T05:59:04-00:00</sent>
        <status>Actual</status>
        <msgType>Alert</msgType>
        <scope>Public</scope>
        <incidents>GAEQ49561</incidents>
        <info>
          <category>Geo</category>
          <event>Earthquake</event>
          <urgency>Unknown</urgency>
          <severity>Minor</severity>
          <certainty>Unknown</certainty>
          <onset>2015-12-25T18:40:03-00:00</onset>
          <senderName>Geoscience Australia</senderName>
          <headline>Magnitude 3.700000 earthquake - Offshore Fraser Island, Queensland. - 25/12/2015 18:40:03 (UTC)</headline>
          <description>A magnitude 3.700000 earthquake has occurred in "Offshore Fraser Island, Queensland." at a depth of 0.000000 km at 25/12/2015 18:40:03 (UTC)</description>
          <web>http://www.ga.gov.au/earthquakes/getQuakeDetails.do?quakeId=3763822&amp;&amp;orid=1254568</web>
          <contact>Call: 1800 123 456, Email: earthquakes@ga.gov.au, Web: http://www.ga.gov.au/earthquakes/</contact>
          <parameter>
            <valueName>Magnitude</valueName>
            <value>3.700000</value>
          </parameter>
          <parameter>
            <valueName>Depth (km)</valueName>
            <value>Approx. 0.000000</value>
          </parameter>
          <area>
            <circle>-25.357000,154.439000 0</circle>
            <areaDesc />
          </area>
        </info>
      </alert>
    </summary>
    <dc:creator>Geoscience Australia</dc:creator>
    <dc:date>2015-12-30T01:17:34Z</dc:date>
  </entry>
  <entry>
    <title>Feed Common Alert Protocol message</title>
    <link rel="alternate" href="http://www.ga.gov.au/earthquakes/getQuakeDetails.do?quakeId=3763871&amp;&amp;orid=1254617" />
    <author>
      <name>Geoscience Australia</name>
    </author>
    <updated>2015-12-30T01:17:34Z</updated>
    <published>2015-12-30T01:17:34Z</published>
    <summary type="text/xml">
      <alert xmlns="urn:oasis:names:tc:emergency:cap:1.2">
        <id>ce37a0b6-597f-4459-ae7b-8b3a08767232</id>
        <identifier>1089774</identifier>
        <sender>earthquakes@ga.gov.au</sender>
        <sent>2015-12-26T06:30:18-00:00</sent>
        <status>Actual</status>
        <msgType>Alert</msgType>
        <scope>Public</scope>
        <incidents>GAEQ49563</incidents>
        <info>
          <category>Geo</category>
          <event>Earthquake</event>
          <urgency>Unknown</urgency>
          <severity>Severe</severity>
          <certainty>Unknown</certainty>
          <onset>2015-12-25T19:14:47-00:00</onset>
          <senderName>Geoscience Australia</senderName>
          <headline>Magnitude 6.400000 earthquake - Afghanistan-Tajikistan Border Region. - 25/12/2015 19:14:47 (UTC)</headline>
          <description>A magnitude 6.400000 earthquake has occurred in "Afghanistan-Tajikistan Border Region." at a depth of 200.000000 km at 25/12/2015 19:14:47 (UTC)</description>
          <web>http://www.ga.gov.au/earthquakes/getQuakeDetails.do?quakeId=3763871&amp;&amp;orid=1254617</web>
          <contact>Call: 1800 123 456, Email: earthquakes@ga.gov.au, Web: http://www.ga.gov.au/earthquakes/</contact>
          <parameter>
            <valueName>Magnitude</valueName>
            <value>6.400000</value>
          </parameter>
          <parameter>
            <valueName>Depth (km)</valueName>
            <value>Approx. 200.000000</value>
          </parameter>
          <area>
            <circle>36.351000,71.207000 0</circle>
            <areaDesc />
          </area>
        </info>
      </alert>
    </summary>
    <dc:creator>Geoscience Australia</dc:creator>
    <dc:date>2015-12-30T01:17:34Z</dc:date>
  </entry>
  <entry>
    <title>Feed Common Alert Protocol message</title>
    <link rel="alternate" href="http://www.ga.gov.au/earthquakes/getQuakeDetails.do?quakeId=3763023&amp;&amp;orid=1253746" />
    <author>
      <name>Geoscience Australia</name>
    </author>
    <updated>2015-12-30T01:17:34Z</updated>
    <published>2015-12-30T01:17:34Z</published>
    <summary type="text/xml">
      <alert xmlns="urn:oasis:names:tc:emergency:cap:1.2">
        <id>a24071b3-10e5-4f6c-8c77-1929d6fac0cb</id>
        <identifier>1088885</identifier>
        <sender>earthquakes@ga.gov.au</sender>
        <sent>2015-12-24T10:16:57-00:00</sent>
        <status>Actual</status>
        <msgType>Alert</msgType>
        <scope>Public</scope>
        <incidents>GAEQ49553</incidents>
        <info>
          <category>Geo</category>
          <event>Earthquake</event>
          <urgency>Unknown</urgency>
          <severity>Moderate</severity>
          <certainty>Unknown</certainty>
          <onset>2015-12-23T21:23:13-00:00</onset>
          <senderName>Geoscience Australia</senderName>
          <headline>Magnitude 5.100000 earthquake - South of Fiji Islands. - 23/12/2015 21:23:13 (UTC)</headline>
          <description>A magnitude 5.100000 earthquake has occurred in "South of Fiji Islands." at a depth of 542.000000 km at 23/12/2015 21:23:13 (UTC)</description>
          <web>http://www.ga.gov.au/earthquakes/getQuakeDetails.do?quakeId=3763023&amp;&amp;orid=1253746</web>
          <contact>Call: 1800 123 456, Email: earthquakes@ga.gov.au, Web: http://www.ga.gov.au/earthquakes/</contact>
          <parameter>
            <valueName>Magnitude</valueName>
            <value>5.100000</value>
          </parameter>
          <parameter>
            <valueName>Depth (km)</valueName>
            <value>Approx. 542.000000</value>
          </parameter>
          <area>
            <circle>-23.735000,-179.434000 0</circle>
            <areaDesc />
          </area>
        </info>
      </alert>
    </summary>
    <dc:creator>Geoscience Australia</dc:creator>
    <dc:date>2015-12-30T01:17:34Z</dc:date>
  </entry>
  <entry>
    <title>Feed Common Alert Protocol message</title>
    <link rel="alternate" href="http://www.ga.gov.au/earthquakes/getQuakeDetails.do?quakeId=3763022&amp;&amp;orid=1253742" />
    <author>
      <name>Geoscience Australia</name>
    </author>
    <updated>2015-12-30T01:17:34Z</updated>
    <published>2015-12-30T01:17:34Z</published>
    <summary type="text/xml">
      <alert xmlns="urn:oasis:names:tc:emergency:cap:1.2">
        <id>fc5e06cc-d192-4d61-a8bc-e2401032701a</id>
        <identifier>1088748</identifier>
        <sender>earthquakes@ga.gov.au</sender>
        <sent>2015-12-24T10:04:09-00:00</sent>
        <status>Actual</status>
        <msgType>Alert</msgType>
        <scope>Public</scope>
        <incidents>GAEQ49551</incidents>
        <info>
          <category>Geo</category>
          <event>Earthquake</event>
          <urgency>Unknown</urgency>
          <severity>Moderate</severity>
          <certainty>Unknown</certainty>
          <onset>2015-12-23T16:55:19-00:00</onset>
          <senderName>Geoscience Australia</senderName>
          <headline>Magnitude 5.500000 earthquake - Bouvet Island Region. - 23/12/2015 16:55:19 (UTC)</headline>
          <description>A magnitude 5.500000 earthquake has occurred in "Bouvet Island Region." at a depth of 74.000000 km at 23/12/2015 16:55:19 (UTC)</description>
          <web>http://www.ga.gov.au/earthquakes/getQuakeDetails.do?quakeId=3763022&amp;&amp;orid=1253742</web>
          <contact>Call: 1800 123 456, Email: earthquakes@ga.gov.au, Web: http://www.ga.gov.au/earthquakes/</contact>
          <parameter>
            <valueName>Magnitude</valueName>
            <value>5.500000</value>
          </parameter>
          <parameter>
            <valueName>Depth (km)</valueName>
            <value>Approx. 74.000000</value>
          </parameter>
          <area>
            <circle>-54.030000,-1.586000 0</circle>
            <areaDesc />
          </area>
        </info>
      </alert>
    </summary>
    <dc:creator>Geoscience Australia</dc:creator>
    <dc:date>2015-12-30T01:17:34Z</dc:date>
  </entry>
  <entry>
    <title>Feed Common Alert Protocol message</title>
    <link rel="alternate" href="http://www.ga.gov.au/earthquakes/getQuakeDetails.do?quakeId=3764989&amp;&amp;orid=1255756" />
    <author>
      <name>Geoscience Australia</name>
    </author>
    <updated>2015-12-30T01:17:34Z</updated>
    <published>2015-12-30T01:17:34Z</published>
    <summary type="text/xml">
      <alert xmlns="urn:oasis:names:tc:emergency:cap:1.2">
        <id>f42411f0-f01c-4444-8895-6a1fa4607298</id>
        <identifier>1090938</identifier>
        <sender>earthquakes@ga.gov.au</sender>
        <sent>2015-12-29T03:34:51-00:00</sent>
        <status>Actual</status>
        <msgType>Alert</msgType>
        <scope>Public</scope>
        <incidents>GAEQ49589</incidents>
        <info>
          <category>Geo</category>
          <event>Earthquake</event>
          <urgency>Unknown</urgency>
          <severity>Moderate</severity>
          <certainty>Unknown</certainty>
          <onset>2015-12-28T16:26:00-00:00</onset>
          <senderName>Geoscience Australia</senderName>
          <headline>Magnitude 5.500000 earthquake - Seram, Indonesia. - 28/12/2015 16:26:00 (UTC)</headline>
          <description>A magnitude 5.500000 earthquake has occurred in "Seram, Indonesia." at a depth of 0.000000 km at 28/12/2015 16:26:00 (UTC)</description>
          <web>http://www.ga.gov.au/earthquakes/getQuakeDetails.do?quakeId=3764989&amp;&amp;orid=1255756</web>
          <contact>Call: 1800 123 456, Email: earthquakes@ga.gov.au, Web: http://www.ga.gov.au/earthquakes/</contact>
          <parameter>
            <valueName>Magnitude</valueName>
            <value>5.500000</value>
          </parameter>
          <parameter>
            <valueName>Depth (km)</valueName>
            <value>Approx. 0.000000</value>
          </parameter>
          <area>
            <circle>-3.915000,128.416000 0</circle>
            <areaDesc />
          </area>
        </info>
      </alert>
    </summary>
    <dc:creator>Geoscience Australia</dc:creator>
    <dc:date>2015-12-30T01:17:34Z</dc:date>
  </entry>
  <entry>
    <title>Feed Common Alert Protocol message</title>
    <link rel="alternate" href="http://www.ga.gov.au/earthquakes/getQuakeDetails.do?quakeId=3764463&amp;&amp;orid=1255214" />
    <author>
      <name>Geoscience Australia</name>
    </author>
    <updated>2015-12-30T01:17:34Z</updated>
    <published>2015-12-30T01:17:34Z</published>
    <summary type="text/xml">
      <alert xmlns="urn:oasis:names:tc:emergency:cap:1.2">
        <id>9ebba17f-a69e-4307-aaac-e215fb6c9c25</id>
        <identifier>1090407</identifier>
        <sender>earthquakes@ga.gov.au</sender>
        <sent>2015-12-27T19:19:40-00:00</sent>
        <status>Actual</status>
        <msgType>Alert</msgType>
        <scope>Public</scope>
        <incidents>GAEQ49588</incidents>
        <info>
          <category>Geo</category>
          <event>Earthquake</event>
          <urgency>Unknown</urgency>
          <severity>Moderate</severity>
          <certainty>Unknown</certainty>
          <onset>2015-12-27T08:06:05-00:00</onset>
          <senderName>Geoscience Australia</senderName>
          <headline>Magnitude 5.400000 earthquake - Fiji Islands Region. - 27/12/2015 08:06:05 (UTC)</headline>
          <description>A magnitude 5.400000 earthquake has occurred in "Fiji Islands Region." at a depth of 608.000000 km at 27/12/2015 08:06:05 (UTC)</description>
          <web>http://www.ga.gov.au/earthquakes/getQuakeDetails.do?quakeId=3764463&amp;&amp;orid=1255214</web>
          <contact>Call: 1800 123 456, Email: earthquakes@ga.gov.au, Web: http://www.ga.gov.au/earthquakes/</contact>
          <parameter>
            <valueName>Magnitude</valueName>
            <value>5.400000</value>
          </parameter>
          <parameter>
            <valueName>Depth (km)</valueName>
            <value>Approx. 608.000000</value>
          </parameter>
          <area>
            <circle>-20.875000,-178.697000 0</circle>
            <areaDesc />
          </area>
        </info>
      </alert>
    </summary>
    <dc:creator>Geoscience Australia</dc:creator>
    <dc:date>2015-12-30T01:17:34Z</dc:date>
  </entry>
  <entry>
    <title>Feed Common Alert Protocol message</title>
    <link rel="alternate" href="http://www.ga.gov.au/earthquakes/getQuakeDetails.do?quakeId=3764324&amp;&amp;orid=1255073" />
    <author>
      <name>Geoscience Australia</name>
    </author>
    <updated>2015-12-30T01:17:34Z</updated>
    <published>2015-12-30T01:17:34Z</published>
    <summary type="text/xml">
      <alert xmlns="urn:oasis:names:tc:emergency:cap:1.2">
        <id>c06c8cd8-9efd-4e7b-a185-3c2ab4510d09</id>
        <identifier>1090263</identifier>
        <sender>earthquakes@ga.gov.au</sender>
        <sent>2015-12-27T10:05:46-00:00</sent>
        <status>Actual</status>
        <msgType>Alert</msgType>
        <scope>Public</scope>
        <incidents>GAEQ49587</incidents>
        <info>
          <category>Geo</category>
          <event>Earthquake</event>
          <urgency>Unknown</urgency>
          <severity>Moderate</severity>
          <certainty>Unknown</certainty>
          <onset>2015-12-26T22:11:08-00:00</onset>
          <senderName>Geoscience Australia</senderName>
          <headline>Magnitude 5.300000 earthquake - Philippine Islands Region. - 26/12/2015 22:11:08 (UTC)</headline>
          <description>A magnitude 5.300000 earthquake has occurred in "Philippine Islands Region." at a depth of 7.000000 km at 26/12/2015 22:11:08 (UTC)</description>
          <web>http://www.ga.gov.au/earthquakes/getQuakeDetails.do?quakeId=3764324&amp;&amp;orid=1255073</web>
          <contact>Call: 1800 123 456, Email: earthquakes@ga.gov.au, Web: http://www.ga.gov.au/earthquakes/</contact>
          <parameter>
            <valueName>Magnitude</valueName>
            <value>5.300000</value>
          </parameter>
          <parameter>
            <valueName>Depth (km)</valueName>
            <value>Approx. 7.000000</value>
          </parameter>
          <area>
            <circle>10.033000,126.521000 0</circle>
            <areaDesc />
          </area>
        </info>
      </alert>
    </summary>
    <dc:creator>Geoscience Australia</dc:creator>
    <dc:date>2015-12-30T01:17:34Z</dc:date>
  </entry>
  <entry>
    <title>Feed Common Alert Protocol message</title>
    <link rel="alternate" href="http://www.ga.gov.au/earthquakes/getQuakeDetails.do?quakeId=3764074&amp;&amp;orid=1254820" />
    <author>
      <name>Geoscience Australia</name>
    </author>
    <updated>2015-12-30T01:17:34Z</updated>
    <published>2015-12-30T01:17:34Z</published>
    <summary type="text/xml">
      <alert xmlns="urn:oasis:names:tc:emergency:cap:1.2">
        <id>eb8d4633-e728-44e5-be40-fd0587b23f38</id>
        <identifier>1090005</identifier>
        <sender>earthquakes@ga.gov.au</sender>
        <sent>2015-12-26T17:59:27-00:00</sent>
        <status>Actual</status>
        <msgType>Alert</msgType>
        <scope>Public</scope>
        <incidents>GAEQ49586</incidents>
        <info>
          <category>Geo</category>
          <event>Earthquake</event>
          <urgency>Unknown</urgency>
          <severity>Moderate</severity>
          <certainty>Unknown</certainty>
          <onset>2015-12-26T06:44:42-00:00</onset>
          <senderName>Geoscience Australia</senderName>
          <headline>Magnitude 5.200000 earthquake - Banda Sea. - 26/12/2015 06:44:42 (UTC)</headline>
          <description>A magnitude 5.200000 earthquake has occurred in "Banda Sea." at a depth of 178.000000 km at 26/12/2015 06:44:42 (UTC)</description>
          <web>http://www.ga.gov.au/earthquakes/getQuakeDetails.do?quakeId=3764074&amp;&amp;orid=1254820</web>
          <contact>Call: 1800 123 456, Email: earthquakes@ga.gov.au, Web: http://www.ga.gov.au/earthquakes/</contact>
          <parameter>
            <valueName>Magnitude</valueName>
            <value>5.200000</value>
          </parameter>
          <parameter>
            <valueName>Depth (km)</valueName>
            <value>Approx. 178.000000</value>
          </parameter>
          <area>
            <circle>-7.154000,129.301000 0</circle>
            <areaDesc />
          </area>
        </info>
      </alert>
    </summary>
    <dc:creator>Geoscience Australia</dc:creator>
    <dc:date>2015-12-30T01:17:34Z</dc:date>
  </entry>
  <entry>
    <title>Feed Common Alert Protocol message</title>
    <link rel="alternate" href="http://www.ga.gov.au/earthquakes/getQuakeDetails.do?quakeId=3763736&amp;&amp;orid=1254481" />
    <author>
      <name>Geoscience Australia</name>
    </author>
    <updated>2015-12-30T01:17:34Z</updated>
    <published>2015-12-30T01:17:34Z</published>
    <summary type="text/xml">
      <alert xmlns="urn:oasis:names:tc:emergency:cap:1.2">
        <id>8997364f-6157-4250-ad0a-9edb0988ac0c</id>
        <identifier>1089667</identifier>
        <sender>earthquakes@ga.gov.au</sender>
        <sent>2015-12-26T03:56:10-00:00</sent>
        <status>Actual</status>
        <msgType>Alert</msgType>
        <scope>Public</scope>
        <incidents>GAEQ49560</incidents>
        <info>
          <category>Geo</category>
          <event>Earthquake</event>
          <urgency>Unknown</urgency>
          <severity>Moderate</severity>
          <certainty>Unknown</certainty>
          <onset>2015-12-25T14:02:18-00:00</onset>
          <senderName>Geoscience Australia</senderName>
          <headline>Magnitude 5.100000 earthquake - Banda Sea. - 25/12/2015 14:02:18 (UTC)</headline>
          <description>A magnitude 5.100000 earthquake has occurred in "Banda Sea." at a depth of 25.000000 km at 25/12/2015 14:02:18 (UTC)</description>
          <web>http://www.ga.gov.au/earthquakes/getQuakeDetails.do?quakeId=3763736&amp;&amp;orid=1254481</web>
          <contact>Call: 1800 123 456, Email: earthquakes@ga.gov.au, Web: http://www.ga.gov.au/earthquakes/</contact>
          <parameter>
            <valueName>Magnitude</valueName>
            <value>5.100000</value>
          </parameter>
          <parameter>
            <valueName>Depth (km)</valueName>
            <value>Approx. 25.000000</value>
          </parameter>
          <area>
            <circle>-5.983000,129.527000 0</circle>
            <areaDesc />
          </area>
        </info>
      </alert>
    </summary>
    <dc:creator>Geoscience Australia</dc:creator>
    <dc:date>2015-12-30T01:17:34Z</dc:date>
  </entry>
  <entry>
    <title>Feed Common Alert Protocol message</title>
    <link rel="alternate" href="http://www.ga.gov.au/earthquakes/getQuakeDetails.do?quakeId=3763653&amp;&amp;orid=1254398" />
    <author>
      <name>Geoscience Australia</name>
    </author>
    <updated>2015-12-30T01:17:34Z</updated>
    <published>2015-12-30T01:17:34Z</published>
    <summary type="text/xml">
      <alert xmlns="urn:oasis:names:tc:emergency:cap:1.2">
        <id>97a5e205-3fee-41c1-8d49-8890e0e143ff</id>
        <identifier>1089583</identifier>
        <sender>earthquakes@ga.gov.au</sender>
        <sent>2015-12-25T19:07:37-00:00</sent>
        <status>Actual</status>
        <msgType>Alert</msgType>
        <scope>Public</scope>
        <incidents>GAEQ49559</incidents>
        <info>
          <category>Geo</category>
          <event>Earthquake</event>
          <urgency>Unknown</urgency>
          <severity>Moderate</severity>
          <certainty>Unknown</certainty>
          <onset>2015-12-25T07:43:50-00:00</onset>
          <senderName>Geoscience Australia</senderName>
          <headline>Magnitude 5.300000 earthquake - Vanuatu Islands. - 25/12/2015 07:43:50 (UTC)</headline>
          <description>A magnitude 5.300000 earthquake has occurred in "Vanuatu Islands." at a depth of 116.000000 km at 25/12/2015 07:43:50 (UTC)</description>
          <web>http://www.ga.gov.au/earthquakes/getQuakeDetails.do?quakeId=3763653&amp;&amp;orid=1254398</web>
          <contact>Call: 1800 123 456, Email: earthquakes@ga.gov.au, Web: http://www.ga.gov.au/earthquakes/</contact>
          <parameter>
            <valueName>Magnitude</valueName>
            <value>5.300000</value>
          </parameter>
          <parameter>
            <valueName>Depth (km)</valueName>
            <value>Approx. 116.000000</value>
          </parameter>
          <area>
            <circle>-15.218000,167.406000 0</circle>
            <areaDesc />
          </area>
        </info>
      </alert>
    </summary>
    <dc:creator>Geoscience Australia</dc:creator>
    <dc:date>2015-12-30T01:17:34Z</dc:date>
  </entry>
  <entry>
    <title>Feed Common Alert Protocol message</title>
    <link rel="alternate" href="http://www.ga.gov.au/earthquakes/getQuakeDetails.do?quakeId=3763632&amp;&amp;orid=1254377" />
    <author>
      <name>Geoscience Australia</name>
    </author>
    <updated>2015-12-30T01:17:34Z</updated>
    <published>2015-12-30T01:17:34Z</published>
    <summary type="text/xml">
      <alert xmlns="urn:oasis:names:tc:emergency:cap:1.2">
        <id>8ed72b92-0484-442b-a992-4e8e133cf05b</id>
        <identifier>1089571</identifier>
        <sender>earthquakes@ga.gov.au</sender>
        <sent>2015-12-25T18:33:00-00:00</sent>
        <status>Actual</status>
        <msgType>Alert</msgType>
        <scope>Public</scope>
        <incidents>GAEQ49558</incidents>
        <info>
          <category>Geo</category>
          <event>Earthquake</event>
          <urgency>Unknown</urgency>
          <severity>Minor</severity>
          <certainty>Unknown</certainty>
          <onset>2015-12-25T07:12:10-00:00</onset>
          <senderName>Geoscience Australia</senderName>
          <headline>Magnitude 2.900000 earthquake - Poeppels Corner, Simpson Desert, Queensland. - 25/12/2015 07:12:10 (UTC)</headline>
          <description>A magnitude 2.900000 earthquake has occurred in "Poeppels Corner, Simpson Desert, Queensland." at a depth of 20.000000 km at 25/12/2015 07:12:10 (UTC)</description>
          <web>http://www.ga.gov.au/earthquakes/getQuakeDetails.do?quakeId=3763632&amp;&amp;orid=1254377</web>
          <contact>Call: 1800 123 456, Email: earthquakes@ga.gov.au, Web: http://www.ga.gov.au/earthquakes/</contact>
          <parameter>
            <valueName>Magnitude</valueName>
            <value>2.900000</value>
          </parameter>
          <parameter>
            <valueName>Depth (km)</valueName>
            <value>Approx. 20.000000</value>
          </parameter>
          <area>
            <circle>-25.634000,138.142000 0</circle>
            <areaDesc />
          </area>
        </info>
      </alert>
    </summary>
    <dc:creator>Geoscience Australia</dc:creator>
    <dc:date>2015-12-30T01:17:34Z</dc:date>
  </entry>
  <entry>
    <title>Feed Common Alert Protocol message</title>
    <link rel="alternate" href="http://www.ga.gov.au/earthquakes/getQuakeDetails.do?quakeId=3763414&amp;&amp;orid=1254156" />
    <author>
      <name>Geoscience Australia</name>
    </author>
    <updated>2015-12-30T01:17:34Z</updated>
    <published>2015-12-30T01:17:34Z</published>
    <summary type="text/xml">
      <alert xmlns="urn:oasis:names:tc:emergency:cap:1.2">
        <id>9185542f-476d-42de-8e39-1c12e64a4280</id>
        <identifier>1089351</identifier>
        <sender>earthquakes@ga.gov.au</sender>
        <sent>2015-12-25T07:34:41-00:00</sent>
        <status>Actual</status>
        <msgType>Alert</msgType>
        <scope>Public</scope>
        <incidents>GAEQ49556</incidents>
        <info>
          <category>Geo</category>
          <event>Earthquake</event>
          <urgency>Unknown</urgency>
          <severity>Moderate</severity>
          <certainty>Unknown</certainty>
          <onset>2015-12-24T20:18:41-00:00</onset>
          <senderName>Geoscience Australia</senderName>
          <headline>Magnitude 5.100000 earthquake - New Ireland Region, P.N.G.. - 24/12/2015 20:18:41 (UTC)</headline>
          <description>A magnitude 5.100000 earthquake has occurred in "New Ireland Region, P.N.G.." at a depth of 0.000000 km at 24/12/2015 20:18:41 (UTC)</description>
          <web>http://www.ga.gov.au/earthquakes/getQuakeDetails.do?quakeId=3763414&amp;&amp;orid=1254156</web>
          <contact>Call: 1800 123 456, Email: earthquakes@ga.gov.au, Web: http://www.ga.gov.au/earthquakes/</contact>
          <parameter>
            <valueName>Magnitude</valueName>
            <value>5.100000</value>
          </parameter>
          <parameter>
            <valueName>Depth (km)</valueName>
            <value>Approx. 0.000000</value>
          </parameter>
          <area>
            <circle>-3.644000,151.391000 0</circle>
            <areaDesc />
          </area>
        </info>
      </alert>
    </summary>
    <dc:creator>Geoscience Australia</dc:creator>
    <dc:date>2015-12-30T01:17:34Z</dc:date>
  </entry>
  <entry>
    <title>Feed Common Alert Protocol message</title>
    <link rel="alternate" href="http://www.ga.gov.au/earthquakes/getQuakeDetails.do?quakeId=3763377&amp;&amp;orid=1254115" />
    <author>
      <name>Geoscience Australia</name>
    </author>
    <updated>2015-12-30T01:17:34Z</updated>
    <published>2015-12-30T01:17:34Z</published>
    <summary type="text/xml">
      <alert xmlns="urn:oasis:names:tc:emergency:cap:1.2">
        <id>2c621099-7946-4f6c-92c0-9e9eb987aaf0</id>
        <identifier>1089316</identifier>
        <sender>earthquakes@ga.gov.au</sender>
        <sent>2015-12-25T06:50:36-00:00</sent>
        <status>Actual</status>
        <msgType>Alert</msgType>
        <scope>Public</scope>
        <incidents>GAEQ49555</incidents>
        <info>
          <category>Geo</category>
          <event>Earthquake</event>
          <urgency>Unknown</urgency>
          <severity>Minor</severity>
          <certainty>Unknown</certainty>
          <onset>2015-12-24T17:48:33-00:00</onset>
          <senderName>Geoscience Australia</senderName>
          <headline>Magnitude 2.700000 earthquake - Near Miltalie, SA. - 24/12/2015 17:48:33 (UTC)</headline>
          <description>A magnitude 2.700000 earthquake has occurred in "Near Miltalie, SA." at a depth of 47.000000 km at 24/12/2015 17:48:33 (UTC)</description>
          <web>http://www.ga.gov.au/earthquakes/getQuakeDetails.do?quakeId=3763377&amp;&amp;orid=1254115</web>
          <contact>Call: 1800 123 456, Email: earthquakes@ga.gov.au, Web: http://www.ga.gov.au/earthquakes/</contact>
          <parameter>
            <valueName>Magnitude</valueName>
            <value>2.700000</value>
          </parameter>
          <parameter>
            <valueName>Depth (km)</valueName>
            <value>Approx. 47.000000</value>
          </parameter>
          <area>
            <circle>-33.354000,136.840000 0</circle>
            <areaDesc />
          </area>
        </info>
      </alert>
    </summary>
    <dc:creator>Geoscience Australia</dc:creator>
    <dc:date>2015-12-30T01:17:34Z</dc:date>
  </entry>
  <entry>
    <title>Feed Common Alert Protocol message</title>
    <link rel="alternate" href="http://www.ga.gov.au/earthquakes/getQuakeDetails.do?quakeId=3762962&amp;&amp;orid=1253667" />
    <author>
      <name>Geoscience Australia</name>
    </author>
    <updated>2015-12-30T01:17:34Z</updated>
    <published>2015-12-30T01:17:34Z</published>
    <summary type="text/xml">
      <alert xmlns="urn:oasis:names:tc:emergency:cap:1.2">
        <id>41d5dd1f-37f3-48c6-944c-bc58f064366c</id>
        <identifier>1088885</identifier>
        <sender>earthquakes@ga.gov.au</sender>
        <sent>2015-12-24T08:43:30-00:00</sent>
        <status>Actual</status>
        <msgType>Alert</msgType>
        <scope>Public</scope>
        <incidents>GAEQ49550</incidents>
        <info>
          <category>Geo</category>
          <event>Earthquake</event>
          <urgency>Unknown</urgency>
          <severity>Moderate</severity>
          <certainty>Unknown</certainty>
          <onset>2015-12-23T21:23:13-00:00</onset>
          <senderName>Geoscience Australia</senderName>
          <headline>Magnitude 5.100000 earthquake - South of Fiji Islands. - 23/12/2015 21:23:13 (UTC)</headline>
          <description>A magnitude 5.100000 earthquake has occurred in "South of Fiji Islands." at a depth of 550.000000 km at 23/12/2015 21:23:13 (UTC)</description>
          <web>http://www.ga.gov.au/earthquakes/getQuakeDetails.do?quakeId=3762962&amp;&amp;orid=1253667</web>
          <contact>Call: 1800 123 456, Email: earthquakes@ga.gov.au, Web: http://www.ga.gov.au/earthquakes/</contact>
          <parameter>
            <valueName>Magnitude</valueName>
            <value>5.100000</value>
          </parameter>
          <parameter>
            <valueName>Depth (km)</valueName>
            <value>Approx. 550.000000</value>
          </parameter>
          <area>
            <circle>-23.755000,-179.354000 0</circle>
            <areaDesc />
          </area>
        </info>
      </alert>
    </summary>
    <dc:creator>Geoscience Australia</dc:creator>
    <dc:date>2015-12-30T01:17:34Z</dc:date>
  </entry>
  <entry>
    <title>Feed Common Alert Protocol message</title>
    <link rel="alternate" href="http://www.ga.gov.au/earthquakes/getQuakeDetails.do?quakeId=3762815&amp;&amp;orid=1253520" />
    <author>
      <name>Geoscience Australia</name>
    </author>
    <updated>2015-12-30T01:17:34Z</updated>
    <published>2015-12-30T01:17:34Z</published>
    <summary type="text/xml">
      <alert xmlns="urn:oasis:names:tc:emergency:cap:1.2">
        <id>a1c01232-d9d6-4db1-9f63-e6ab9b16055b</id>
        <identifier>1088748</identifier>
        <sender>earthquakes@ga.gov.au</sender>
        <sent>2015-12-24T04:30:43-00:00</sent>
        <status>Actual</status>
        <msgType>Alert</msgType>
        <scope>Public</scope>
        <incidents>GAEQ49549</incidents>
        <info>
          <category>Geo</category>
          <event>Earthquake</event>
          <urgency>Unknown</urgency>
          <severity>Moderate</severity>
          <certainty>Unknown</certainty>
          <onset>2015-12-23T16:55:14-00:00</onset>
          <senderName>Geoscience Australia</senderName>
          <headline>Magnitude 5.500000 earthquake - Bouvet Island Region. - 23/12/2015 16:55:14 (UTC)</headline>
          <description>A magnitude 5.500000 earthquake has occurred in "Bouvet Island Region." at a depth of 20.000000 km at 23/12/2015 16:55:14 (UTC)</description>
          <web>http://www.ga.gov.au/earthquakes/getQuakeDetails.do?quakeId=3762815&amp;&amp;orid=1253520</web>
          <contact>Call: 1800 123 456, Email: earthquakes@ga.gov.au, Web: http://www.ga.gov.au/earthquakes/</contact>
          <parameter>
            <valueName>Magnitude</valueName>
            <value>5.500000</value>
          </parameter>
          <parameter>
            <valueName>Depth (km)</valueName>
            <value>Approx. 20.000000</value>
          </parameter>
          <area>
            <circle>-54.032000,-1.175000 0</circle>
            <areaDesc />
          </area>
        </info>
      </alert>
    </summary>
    <dc:creator>Geoscience Australia</dc:creator>
    <dc:date>2015-12-30T01:17:34Z</dc:date>
  </entry>
  <entry>
    <title>Feed Common Alert Protocol message</title>
    <link rel="alternate" href="http://www.ga.gov.au/earthquakes/getQuakeDetails.do?quakeId=3762764&amp;&amp;orid=1253469" />
    <author>
      <name>Geoscience Australia</name>
    </author>
    <updated>2015-12-30T01:17:34Z</updated>
    <published>2015-12-30T01:17:34Z</published>
    <summary type="text/xml">
      <alert xmlns="urn:oasis:names:tc:emergency:cap:1.2">
        <id>39b2edaa-ca5c-4819-860a-b7bc9c6cb8a6</id>
        <identifier>1088683</identifier>
        <sender>earthquakes@ga.gov.au</sender>
        <sent>2015-12-24T03:00:33-00:00</sent>
        <status>Actual</status>
        <msgType>Alert</msgType>
        <scope>Public</scope>
        <incidents>GAEQ49548</incidents>
        <info>
          <category>Geo</category>
          <event>Earthquake</event>
          <urgency>Unknown</urgency>
          <severity>Moderate</severity>
          <certainty>Unknown</certainty>
          <onset>2015-12-23T15:36:57-00:00</onset>
          <senderName>Geoscience Australia</senderName>
          <headline>Magnitude 5.400000 earthquake - Loyalty Islands. - 23/12/2015 15:36:57 (UTC)</headline>
          <description>A magnitude 5.400000 earthquake has occurred in "Loyalty Islands." at a depth of 45.000000 km at 23/12/2015 15:36:57 (UTC)</description>
          <web>http://www.ga.gov.au/earthquakes/getQuakeDetails.do?quakeId=3762764&amp;&amp;orid=1253469</web>
          <contact>Call: 1800 123 456, Email: earthquakes@ga.gov.au, Web: http://www.ga.gov.au/earthquakes/</contact>
          <parameter>
            <valueName>Magnitude</valueName>
            <value>5.400000</value>
          </parameter>
          <parameter>
            <valueName>Depth (km)</valueName>
            <value>Approx. 45.000000</value>
          </parameter>
          <area>
            <circle>-20.991000,168.449000 0</circle>
            <areaDesc />
          </area>
        </info>
      </alert>
    </summary>
    <dc:creator>Geoscience Australia</dc:creator>
    <dc:date>2015-12-30T01:17:34Z</dc:date>
  </entry>
  <entry>
    <title>Feed Common Alert Protocol message</title>
    <link rel="alternate" href="http://www.ga.gov.au/earthquakes/getQuakeDetails.do?quakeId=3763525&amp;&amp;orid=1254267" />
    <author>
      <name>Geoscience Australia</name>
    </author>
    <updated>2015-12-30T01:17:34Z</updated>
    <published>2015-12-30T01:17:34Z</published>
    <summary type="text/xml">
      <alert xmlns="urn:oasis:names:tc:emergency:cap:1.2">
        <id>47407b1e-c264-43b8-8130-b7d7295de06a</id>
        <identifier>1089454</identifier>
        <sender>earthquakes@ga.gov.au</sender>
        <sent>2015-12-25T10:19:52-00:00</sent>
        <status>Actual</status>
        <msgType>Alert</msgType>
        <scope>Public</scope>
        <incidents>GAEQ49557</incidents>
        <info>
          <category>Geo</category>
          <event>Earthquake</event>
          <urgency>Unknown</urgency>
          <severity>Moderate</severity>
          <certainty>Unknown</certainty>
          <onset>2015-12-24T23:10:56-00:00</onset>
          <senderName>Geoscience Australia</senderName>
          <headline>Magnitude 5.700000 earthquake - Banda Sea. - 24/12/2015 23:10:56 (UTC)</headline>
          <description>A magnitude 5.700000 earthquake has occurred in "Banda Sea." at a depth of 104.000000 km at 24/12/2015 23:10:56 (UTC)</description>
          <web>http://www.ga.gov.au/earthquakes/getQuakeDetails.do?quakeId=3763525&amp;&amp;orid=1254267</web>
          <contact>Call: 1800 123 456, Email: earthquakes@ga.gov.au, Web: http://www.ga.gov.au/earthquakes/</contact>
          <parameter>
            <valueName>Magnitude</valueName>
            <value>5.700000</value>
          </parameter>
          <parameter>
            <valueName>Depth (km)</valueName>
            <value>Approx. 104.000000</value>
          </parameter>
          <area>
            <circle>-7.437000,129.037000 0</circle>
            <areaDesc />
          </area>
        </info>
      </alert>
    </summary>
    <dc:creator>Geoscience Australia</dc:creator>
    <dc:date>2015-12-30T01:17:34Z</dc:date>
  </entry>
  <entry>
    <title>Feed Common Alert Protocol message</title>
    <link rel="alternate" href="http://www.ga.gov.au/earthquakes/getQuakeDetails.do?quakeId=3765124&amp;&amp;orid=1255891" />
    <author>
      <name>Geoscience Australia</name>
    </author>
    <updated>2015-12-30T01:17:34Z</updated>
    <published>2015-12-30T01:17:34Z</published>
    <summary type="text/xml">
      <alert xmlns="urn:oasis:names:tc:emergency:cap:1.2">
        <id>61060080-0f54-4ac3-9187-8e587d148320</id>
        <identifier>1091074</identifier>
        <sender>earthquakes@ga.gov.au</sender>
        <sent>2015-12-29T13:01:42-00:00</sent>
        <status>Actual</status>
        <msgType>Alert</msgType>
        <scope>Public</scope>
        <incidents>GAEQ49590</incidents>
        <info>
          <category>Geo</category>
          <event>Earthquake</event>
          <urgency>Unknown</urgency>
          <severity>Severe</severity>
          <certainty>Unknown</certainty>
          <onset>2015-12-29T01:51:42-00:00</onset>
          <senderName>Geoscience Australia</senderName>
          <headline>Magnitude 6.200000 earthquake - Solomon Islands. - 29/12/2015 01:51:42 (UTC)</headline>
          <description>A magnitude 6.200000 earthquake has occurred in "Solomon Islands." at a depth of 60.000000 km at 29/12/2015 01:51:42 (UTC)</description>
          <web>http://www.ga.gov.au/earthquakes/getQuakeDetails.do?quakeId=3765124&amp;&amp;orid=1255891</web>
          <contact>Call: 1800 123 456, Email: earthquakes@ga.gov.au, Web: http://www.ga.gov.au/earthquakes/</contact>
          <parameter>
            <valueName>Magnitude</valueName>
            <value>6.200000</value>
          </parameter>
          <parameter>
            <valueName>Depth (km)</valueName>
            <value>Approx. 60.000000</value>
          </parameter>
          <area>
            <circle>-6.065000,155.145000 0</circle>
            <areaDesc />
          </area>
        </info>
      </alert>
    </summary>
    <dc:creator>Geoscience Australia</dc:creator>
    <dc:date>2015-12-30T01:17:34Z</dc:date>
  </entry>
  <entry>
    <title>Feed Common Alert Protocol message</title>
    <link rel="alternate" href="http://www.ga.gov.au/earthquakes/getQuakeDetails.do?quakeId=3763871&amp;&amp;orid=1254617" />
    <author>
      <name>Geoscience Australia</name>
    </author>
    <updated>2015-12-30T01:17:34Z</updated>
    <published>2015-12-30T01:17:34Z</published>
    <summary type="text/xml">
      <alert xmlns="urn:oasis:names:tc:emergency:cap:1.2">
        <id>9f082f22-8a8b-41c3-8f24-9693d65f685d</id>
        <identifier>1089774</identifier>
        <sender>earthquakes@ga.gov.au</sender>
        <sent>2015-12-26T06:33:44-00:00</sent>
        <status>Actual</status>
        <msgType>Update</msgType>
        <scope>Public</scope>
        <incidents>GAEQ49565</incidents>
        <info>
          <category>Geo</category>
          <event>Earthquake</event>
          <urgency>Unknown</urgency>
          <severity>Severe</severity>
          <certainty>Unknown</certainty>
          <onset>2015-12-25T19:14:47-00:00</onset>
          <senderName>Geoscience Australia</senderName>
          <headline>UPDATED ALERT: Magnitude 6.400000 earthquake - Afghanistan-Tajikistan Border Region. - 25/12/2015 19:14:47 (UTC)</headline>
          <description>UPDATE: A magnitude 6.400000 earthquake has occurred in " Afghanistan-Tajikistan Border Region. " at a depth of 200.000000 km at 25/12/2015 19:14:47 (UTC)</description>
          <web>http://www.ga.gov.au/earthquakes/getQuakeDetails.do?quakeId=3763871&amp;&amp;orid=1254617</web>
          <contact>Call: 1800 123 456, Email: earthquakes@ga.gov.au, Web: http://www.ga.gov.au/earthquakes/</contact>
          <parameter>
            <valueName>Magnitude</valueName>
            <value>6.400000</value>
          </parameter>
          <parameter>
            <valueName>Depth (km)</valueName>
            <value>Approx. 200.000000</value>
          </parameter>
          <area>
            <circle>36.351000,71.207000 0</circle>
            <areaDesc />
          </area>
        </info>
      </alert>
    </summary>
    <dc:creator>Geoscience Australia</dc:creator>
    <dc:date>2015-12-30T01:17:34Z</dc:date>
  </entry>
  <entry>
    <title>Feed Common Alert Protocol message</title>
    <link rel="alternate" href="http://www.ga.gov.au/earthquakes/getQuakeDetails.do?quakeId=3763871&amp;&amp;orid=1254617" />
    <author>
      <name>Geoscience Australia</name>
    </author>
    <updated>2015-12-30T01:17:34Z</updated>
    <published>2015-12-30T01:17:34Z</published>
    <summary type="text/xml">
      <alert xmlns="urn:oasis:names:tc:emergency:cap:1.2">
        <id>a7b87164-baf0-4705-855e-0d8da47834cc</id>
        <identifier>1089774</identifier>
        <sender>earthquakes@ga.gov.au</sender>
        <sent>2015-12-26T06:31:17-00:00</sent>
        <status>Actual</status>
        <msgType>Update</msgType>
        <scope>Public</scope>
        <incidents>GAEQ49564</incidents>
        <info>
          <category>Geo</category>
          <event>Earthquake</event>
          <urgency>Unknown</urgency>
          <severity>Severe</severity>
          <certainty>Unknown</certainty>
          <onset>2015-12-25T19:14:47-00:00</onset>
          <senderName>Geoscience Australia</senderName>
          <headline>UPDATED ALERT: Magnitude 6.400000 earthquake - Afghanistan-Tajikistan Border Region. - 25/12/2015 19:14:47 (UTC)</headline>
          <description>UPDATE: A magnitude 6.400000 earthquake has occurred in " Afghanistan-Tajikistan Border Region. " at a depth of 200.000000 km at 25/12/2015 19:14:47 (UTC)</description>
          <web>http://www.ga.gov.au/earthquakes/getQuakeDetails.do?quakeId=3763871&amp;&amp;orid=1254617</web>
          <contact>Call: 1800 123 456, Email: earthquakes@ga.gov.au, Web: http://www.ga.gov.au/earthquakes/</contact>
          <parameter>
            <valueName>Magnitude</valueName>
            <value>6.400000</value>
          </parameter>
          <parameter>
            <valueName>Depth (km)</valueName>
            <value>Approx. 200.000000</value>
          </parameter>
          <area>
            <circle>36.351000,71.207000 0</circle>
            <areaDesc />
          </area>
        </info>
      </alert>
    </summary>
    <dc:creator>Geoscience Australia</dc:creator>
    <dc:date>2015-12-30T01:17:34Z</dc:date>
  </entry>
  <entry>
    <title>Feed Common Alert Protocol message</title>
    <link rel="alternate" href="http://www.ga.gov.au/earthquakes/getQuakeDetails.do?quakeId=3763822&amp;&amp;orid=1254568" />
    <author>
      <name>Geoscience Australia</name>
    </author>
    <updated>2015-12-30T01:17:34Z</updated>
    <published>2015-12-30T01:17:34Z</published>
    <summary type="text/xml">
      <alert xmlns="urn:oasis:names:tc:emergency:cap:1.2">
        <id>6377d9ff-0a52-4e95-8e0b-465b1de57e8b</id>
        <identifier>1089761</identifier>
        <sender>earthquakes@ga.gov.au</sender>
        <sent>2015-12-26T06:01:25-00:00</sent>
        <status>Actual</status>
        <msgType>Update</msgType>
        <scope>Public</scope>
        <incidents>GAEQ49562</incidents>
        <info>
          <category>Geo</category>
          <event>Earthquake</event>
          <urgency>Unknown</urgency>
          <severity>Minor</severity>
          <certainty>Unknown</certainty>
          <onset>2015-12-25T18:40:03-00:00</onset>
          <senderName>Geoscience Australia</senderName>
          <headline>UPDATED ALERT: Magnitude 3.700000 earthquake - Offshore Fraser Island, Queensland. - 25/12/2015 18:40:03 (UTC)</headline>
          <description>UPDATE: A magnitude 3.700000 earthquake has occurred in " Offshore Fraser Island, Queensland. " at a depth of 0.000000 km at 25/12/2015 18:40:03 (UTC)</description>
          <web>http://www.ga.gov.au/earthquakes/getQuakeDetails.do?quakeId=3763822&amp;&amp;orid=1254568</web>
          <contact>Call: 1800 123 456, Email: earthquakes@ga.gov.au, Web: http://www.ga.gov.au/earthquakes/</contact>
          <parameter>
            <valueName>Magnitude</valueName>
            <value>3.700000</value>
          </parameter>
          <parameter>
            <valueName>Depth (km)</valueName>
            <value>Approx. 0.000000</value>
          </parameter>
          <area>
            <circle>-25.357000,154.439000 0</circle>
            <areaDesc />
          </area>
        </info>
      </alert>
    </summary>
    <dc:creator>Geoscience Australia</dc:creator>
    <dc:date>2015-12-30T01:17:34Z</dc:date>
  </entry>
  <entry>
    <title>Feed Common Alert Protocol message</title>
    <link rel="alternate" href="http://www.ga.gov.au/earthquakes/getQuakeDetails.do?quakeId=3762764&amp;&amp;orid=1253469" />
    <author>
      <name>Geoscience Australia</name>
    </author>
    <updated>2015-12-30T01:17:34Z</updated>
    <published>2015-12-30T01:17:34Z</published>
    <summary type="text/xml">
      <alert xmlns="urn:oasis:names:tc:emergency:cap:1.2">
        <id>b42b4519-424c-4f39-8713-1cb1a54aac82</id>
        <identifier>1088683</identifier>
        <sender>earthquakes@ga.gov.au</sender>
        <sent>2015-12-24T10:03:58-00:00</sent>
        <status>Actual</status>
        <msgType>Cancel</msgType>
        <scope>Public</scope>
        <incidents>GAEQ49568</incidents>
        <info>
          <category>Geo</category>
          <event>Earthquake</event>
          <urgency>Unknown</urgency>
          <severity>Moderate</severity>
          <certainty>Unknown</certainty>
          <onset>2015-12-23T15:36:57-00:00</onset>
          <senderName>Geoscience Australia</senderName>
          <headline>ALERT CANCELLED - Earthquake at Loyalty Islands. - 23/12/2015 15:36:57 (UTC)</headline>
          <description>(UTC)</description>
          <web>http://www.ga.gov.au/earthquakes/getQuakeDetails.do?quakeId=3762764&amp;&amp;orid=1253469</web>
          <contact>Call: 1800 123 456, Email: earthquakes@ga.gov.au, Web: http://www.ga.gov.au/earthquakes/</contact>
          <parameter>
            <valueName>Magnitude</valueName>
            <value>5.400000</value>
          </parameter>
          <parameter>
            <valueName>Depth (km)</valueName>
            <value>Approx. 45.000000</value>
          </parameter>
          <area>
            <circle>-20.991000,168.449000 0</circle>
            <areaDesc />
          </area>
        </info>
      </alert>
    </summary>
    <dc:creator>Geoscience Australia</dc:creator>
    <dc:date>2015-12-30T01:17:34Z</dc:date>
  </entry>
  <entry>
    <title>Feed Common Alert Protocol message</title>
    <link rel="alternate" href="http://www.ga.gov.au/earthquakes/getQuakeDetails.do?quakeId=3762232&amp;&amp;orid=1252886" />
    <author>
      <name>Geoscience Australia</name>
    </author>
    <updated>2015-12-30T01:17:34Z</updated>
    <published>2015-12-30T01:17:34Z</published>
    <summary type="text/xml">
      <alert xmlns="urn:oasis:names:tc:emergency:cap:1.2">
        <id>b9af1e5f-852e-406e-adce-8f4d1e469454</id>
        <identifier>1088141</identifier>
        <sender>earthquakes@ga.gov.au</sender>
        <sent>2015-12-23T09:34:31-00:00</sent>
        <status>Actual</status>
        <msgType>Cancel</msgType>
        <scope>Public</scope>
        <incidents>GAEQ49499</incidents>
        <info>
          <category>Geo</category>
          <event>Earthquake</event>
          <urgency>Unknown</urgency>
          <severity>Moderate</severity>
          <certainty>Unknown</certainty>
          <onset>2015-12-22T00:18:42-00:00</onset>
          <senderName>Geoscience Australia</senderName>
          <headline>ALERT CANCELLED - Earthquake at Borneo. - 22/12/2015 00:18:42 (UTC)</headline>
          <description>(UTC)</description>
          <web>http://www.ga.gov.au/earthquakes/getQuakeDetails.do?quakeId=3762232&amp;&amp;orid=1252886</web>
          <contact>Call: 1800 123 456, Email: earthquakes@ga.gov.au, Web: http://www.ga.gov.au/earthquakes/</contact>
          <parameter>
            <valueName>Magnitude</valueName>
            <value>5.000000</value>
          </parameter>
          <parameter>
            <valueName>Depth (km)</valueName>
            <value>Approx. 30.000000</value>
          </parameter>
          <area>
            <circle>3.498000,117.996000 0</circle>
            <areaDesc />
          </area>
        </info>
      </alert>
    </summary>
    <dc:creator>Geoscience Australia</dc:creator>
    <dc:date>2015-12-30T01:17:34Z</dc:date>
  </entry>
  <entry>
    <title>Feed Common Alert Protocol message</title>
    <link rel="alternate" href="http://www.ga.gov.au/earthquakes/getQuakeDetails.do?quakeId=3762380&amp;&amp;orid=1253049" />
    <author>
      <name>Geoscience Australia</name>
    </author>
    <updated>2015-12-30T01:17:34Z</updated>
    <published>2015-12-30T01:17:34Z</published>
    <summary type="text/xml">
      <alert xmlns="urn:oasis:names:tc:emergency:cap:1.2">
        <id>a64e0bf3-f65e-4f0b-a82f-83c73ab3035e</id>
        <identifier>1088291</identifier>
        <sender>earthquakes@ga.gov.au</sender>
        <sent>2015-12-23T10:21:49-00:00</sent>
        <status>Actual</status>
        <msgType>Cancel</msgType>
        <scope>Public</scope>
        <incidents>GAEQ49547</incidents>
        <info>
          <category>Geo</category>
          <event>Earthquake</event>
          <urgency>Unknown</urgency>
          <severity>Moderate</severity>
          <certainty>Unknown</certainty>
          <onset>2015-12-22T13:05:13-00:00</onset>
          <senderName>Geoscience Australia</senderName>
          <headline>ALERT CANCELLED - Earthquake at Kermadec Islands Region. - 22/12/2015 13:05:13 (UTC)</headline>
          <description>(UTC)</description>
          <web>http://www.ga.gov.au/earthquakes/getQuakeDetails.do?quakeId=3762380&amp;&amp;orid=1253049</web>
          <contact>Call: 1800 123 456, Email: earthquakes@ga.gov.au, Web: http://www.ga.gov.au/earthquakes/</contact>
          <parameter>
            <valueName>Magnitude</valueName>
            <value>5.100000</value>
          </parameter>
          <parameter>
            <valueName>Depth (km)</valueName>
            <value>Approx. 60.000000</value>
          </parameter>
          <area>
            <circle>-28.282000,-175.775000 0</circle>
            <areaDesc />
          </area>
        </info>
      </alert>
    </summary>
    <dc:creator>Geoscience Australia</dc:creator>
    <dc:date>2015-12-30T01:17:34Z</dc:date>
  </entry>
  <entry>
    <title>Feed Common Alert Protocol message</title>
    <link rel="alternate" href="http://www.ga.gov.au/earthquakes/getQuakeDetails.do?quakeId=3762336&amp;&amp;orid=1253004" />
    <author>
      <name>Geoscience Australia</name>
    </author>
    <updated>2015-12-30T01:17:34Z</updated>
    <published>2015-12-30T01:17:34Z</published>
    <summary type="text/xml">
      <alert xmlns="urn:oasis:names:tc:emergency:cap:1.2">
        <id>0f75cafa-32fe-45ab-9cac-03f9fa461186</id>
        <identifier>1088254</identifier>
        <sender>earthquakes@ga.gov.au</sender>
        <sent>2015-12-23T09:37:20-00:00</sent>
        <status>Actual</status>
        <msgType>Cancel</msgType>
        <scope>Public</scope>
        <incidents>GAEQ49545</incidents>
        <info>
          <category>Geo</category>
          <event>Earthquake</event>
          <urgency>Unknown</urgency>
          <severity>Moderate</severity>
          <certainty>Unknown</certainty>
          <onset>2015-12-22T10:06:54-00:00</onset>
          <senderName>Geoscience Australia</senderName>
          <headline>ALERT CANCELLED - Earthquake at Tanimbar Islands Reg., Indonesia. - 22/12/2015 10:06:54 (UTC)</headline>
          <description>(UTC)</description>
          <web>http://www.ga.gov.au/earthquakes/getQuakeDetails.do?quakeId=3762336&amp;&amp;orid=1253004</web>
          <contact>Call: 1800 123 456, Email: earthquakes@ga.gov.au, Web: http://www.ga.gov.au/earthquakes/</contact>
          <parameter>
            <valueName>Magnitude</valueName>
            <value>5.000000</value>
          </parameter>
          <parameter>
            <valueName>Depth (km)</valueName>
            <value>Approx. 34.000000</value>
          </parameter>
          <area>
            <circle>-7.915000,130.080000 0</circle>
            <areaDesc />
          </area>
        </info>
      </alert>
    </summary>
    <dc:creator>Geoscience Australia</dc:creator>
    <dc:date>2015-12-30T01:17:34Z</dc:date>
  </entry>
  <entry>
    <title>Feed Common Alert Protocol message</title>
    <link rel="alternate" href="http://www.ga.gov.au/earthquakes/getQuakeDetails.do?quakeId=3762962&amp;&amp;orid=1253667" />
    <author>
      <name>Geoscience Australia</name>
    </author>
    <updated>2015-12-30T01:17:34Z</updated>
    <published>2015-12-30T01:17:34Z</published>
    <summary type="text/xml">
      <alert xmlns="urn:oasis:names:tc:emergency:cap:1.2">
        <id>9cfbe7a8-fb3d-43e9-94ec-fbf68eeedee0</id>
        <identifier>1088885</identifier>
        <sender>earthquakes@ga.gov.au</sender>
        <sent>2015-12-24T10:17:14-00:00</sent>
        <status>Actual</status>
        <msgType>Cancel</msgType>
        <scope>Public</scope>
        <incidents>GAEQ49554</incidents>
        <info>
          <category>Geo</category>
          <event>Earthquake</event>
          <urgency>Unknown</urgency>
          <severity>Moderate</severity>
          <certainty>Unknown</certainty>
          <onset>2015-12-23T21:23:13-00:00</onset>
          <senderName>Geoscience Australia</senderName>
          <headline>ALERT CANCELLED - Earthquake at South of Fiji Islands. - 23/12/2015 21:23:13 (UTC)</headline>
          <description>(UTC)</description>
          <web>http://www.ga.gov.au/earthquakes/getQuakeDetails.do?quakeId=3762962&amp;&amp;orid=1253667</web>
          <contact>Call: 1800 123 456, Email: earthquakes@ga.gov.au, Web: http://www.ga.gov.au/earthquakes/</contact>
          <parameter>
            <valueName>Magnitude</valueName>
            <value>5.100000</value>
          </parameter>
          <parameter>
            <valueName>Depth (km)</valueName>
            <value>Approx. 550.000000</value>
          </parameter>
          <area>
            <circle>-23.755000,-179.354000 0</circle>
            <areaDesc />
          </area>
        </info>
      </alert>
    </summary>
    <dc:creator>Geoscience Australia</dc:creator>
    <dc:date>2015-12-30T01:17:34Z</dc:date>
  </entry>
  <entry>
    <title>Feed Common Alert Protocol message</title>
    <link rel="alternate" href="http://www.ga.gov.au/earthquakes/getQuakeDetails.do?quakeId=3762815&amp;&amp;orid=1253520" />
    <author>
      <name>Geoscience Australia</name>
    </author>
    <updated>2015-12-30T01:17:34Z</updated>
    <published>2015-12-30T01:17:34Z</published>
    <summary type="text/xml">
      <alert xmlns="urn:oasis:names:tc:emergency:cap:1.2">
        <id>1618321f-996a-431d-8916-b3206778a52b</id>
        <identifier>1088748</identifier>
        <sender>earthquakes@ga.gov.au</sender>
        <sent>2015-12-24T10:04:27-00:00</sent>
        <status>Actual</status>
        <msgType>Cancel</msgType>
        <scope>Public</scope>
        <incidents>GAEQ49552</incidents>
        <info>
          <category>Geo</category>
          <event>Earthquake</event>
          <urgency>Unknown</urgency>
          <severity>Moderate</severity>
          <certainty>Unknown</certainty>
          <onset>2015-12-23T16:55:14-00:00</onset>
          <senderName>Geoscience Australia</senderName>
          <headline>ALERT CANCELLED - Earthquake at Bouvet Island Region. - 23/12/2015 16:55:14 (UTC)</headline>
          <description>(UTC)</description>
          <web>http://www.ga.gov.au/earthquakes/getQuakeDetails.do?quakeId=3762815&amp;&amp;orid=1253520</web>
          <contact>Call: 1800 123 456, Email: earthquakes@ga.gov.au, Web: http://www.ga.gov.au/earthquakes/</contact>
          <parameter>
            <valueName>Magnitude</valueName>
            <value>5.500000</value>
          </parameter>
          <parameter>
            <valueName>Depth (km)</valueName>
            <value>Approx. 20.000000</value>
          </parameter>
          <area>
            <circle>-54.032000,-1.175000 0</circle>
            <areaDesc />
          </area>
        </info>
      </alert>
    </summary>
    <dc:creator>Geoscience Australia</dc:creator>
    <dc:date>2015-12-30T01:17:34Z</dc:date>
  </entry>
</feed>

