{
    "numbers": {
        "emergency": 0,
        "evacuation": 0,
        "watchandact": 0,
        "advice": 2,
        "tfb": 0
    },
    "events": [{
        "id": "1446615184721",
        "type": "Incident",
        "layerGroup": "Other",
        "layer": "other",
        "name": "Other",
        "status": "Responding",
        "icon": "fireActive",
        "state": "SA",
        "agencyShort": "CFS",
        "agency": "Country Fire Service",
        "agencyUrl": "http:\/\/www.cfs.sa.gov.au",
        "createdTime": 1446614700000,
        "updatedTime": 1446615184000,
        "htmlFurther": "",
        "severity": 3,
        "geo": {
            "points": [{
                "name": "Robertstown - SA",
                "type": "Locality",
                "locationInfo": "Worlds End Highway, Robertstown",
                "latitude": "-33.975",
                "longitude": "139.095",
                "localGovernmentArea": "Goyder",
                "stateGovernmentRegion": "Yorke And Mid North"
            }],
            "bbox": ""
        },
        "title": "",
        "size": "",
        "sizeHa": "",
        "resourceCount": "0",
        "agencyArea": "Region 2",
        "timeWentSafe": "",
        "agencyId": "151104162531",
        "timeSeverity": 1446615184000,
        "color": "#FFF"
    }, {
        "id": "1446615184023",
        "type": "Incident",
        "layerGroup": "Building Damage",
        "layer": "buildingDamage",
        "name": "Building Damage",
        "status": "Responding",
        "icon": "fireActive",
        "state": "SA",
        "agencyShort": "CFS",
        "agency": "Country Fire Service",
        "agencyUrl": "http:\/\/www.cfs.sa.gov.au",
        "createdTime": 1446614700000,
        "updatedTime": 1446615183000,
        "htmlFurther": "",
        "severity": 3,
        "geo": {
            "points": [{
                "name": "Morgan - SA",
                "type": "Locality",
                "locationInfo": "Third Street, Morgan",
                "latitude": "-34.035",
                "longitude": "139.668",
                "localGovernmentArea": "Mid Murray",
                "stateGovernmentRegion": "Murray And Mallee"
            }],
            "bbox": ""
        },
        "title": "",
        "size": "",
        "sizeHa": "",
        "resourceCount": "0",
        "agencyArea": "Region 3",
        "timeWentSafe": "",
        "agencyId": "151104162520",
        "timeSeverity": 1446615183000,
        "color": "#FFF"
    }, {
        "id": "1446615183601",
        "type": "Incident",
        "layerGroup": "Fire",
        "layer": "fire",
        "name": "Grass Fire",
        "status": "Responding",
        "icon": "fireActive",
        "state": "SA",
        "agencyShort": "CFS",
        "agency": "Country Fire Service",
        "agencyUrl": "http:\/\/www.cfs.sa.gov.au",
        "createdTime": 1446614820000,
        "updatedTime": 1446615183000,
        "htmlFurther": "",
        "severity": 3,
        "geo": {
            "points": [{
                "name": "Allendale North - SA",
                "type": "Locality",
                "locationInfo": "Berrimann Road, Allendale North",
                "latitude": "-34.291",
                "longitude": "138.906",
                "localGovernmentArea": "Light",
                "stateGovernmentRegion": "Barossa, Light And Lower North"
            }],
            "bbox": ""
        },
        "title": "",
        "size": "",
        "sizeHa": "",
        "resourceCount": "0",
        "agencyArea": "Region 2",
        "timeWentSafe": "",
        "agencyId": "151104162731",
        "timeSeverity": 1446615183000,
        "color": "#FFF"
    }, {
        "id": "1446615242464",
        "type": "Incident",
        "layerGroup": "Fire",
        "layer": "fire",
        "name": "False Alarm",
        "status": "Safe",
        "icon": "fire",
        "state": "VIC",
        "agencyShort": "CFA",
        "agency": "Country Fire Authority",
        "agencyUrl": "http:\/\/www.cfa.vic.gov.au",
        "createdTime": 1446612540000,
        "updatedTime": 1446614940000,
        "htmlFurther": "",
        "severity": "330",
        "geo": {
            "points": [{
                "name": "Cobram",
                "type": "Locality",
                "locationInfo": "",
                "latitude": "-35.8962",
                "longitude": "145.6472",
                "localGovernmentArea": "",
                "stateGovernmentRegion": ""
            }],
            "bbox": ""
        },
        "title": "",
        "size": "Small",
        "sizeHa": "",
        "resourceCount": "0",
        "agencyArea": "Northern Country",
        "timeWentSafe": 1446614940000,
        "agencyId": "1544262",
        "timeSeverity": 1446614940000,
        "color": "#FFF"
    }, {
        "id": "1446615061661",
        "type": "Incident",
        "layerGroup": "Accident \/ Rescue",
        "layer": "accidentRescue",
        "name": "Road Accident",
        "status": "Responding",
        "icon": "roadAccident",
        "state": "VIC",
        "agencyShort": "CFA",
        "agency": "Country Fire Authority",
        "agencyUrl": "http:\/\/www.cfa.vic.gov.au",
        "createdTime": 1446614940000,
        "updatedTime": 1446614940000,
        "htmlFurther": "",
        "severity": "260",
        "geo": {
            "points": [{
                "name": "Carngham",
                "type": "Locality",
                "locationInfo": "",
                "latitude": "-37.5811",
                "longitude": "143.5839",
                "localGovernmentArea": "",
                "stateGovernmentRegion": ""
            }],
            "bbox": ""
        },
        "title": "",
        "size": "Small",
        "sizeHa": "",
        "resourceCount": "0",
        "agencyArea": "South West",
        "timeWentSafe": "",
        "agencyId": "1544271",
        "timeSeverity": 1446614940000,
        "color": "#FFF"
    }, {
        "id": "1446615003655",
        "type": "Incident",
        "layerGroup": "Fire",
        "layer": "fire",
        "name": "Building",
        "status": "Safe",
        "icon": "fire",
        "state": "VIC",
        "agencyShort": "CFA",
        "agency": "Country Fire Authority",
        "agencyUrl": "http:\/\/www.cfa.vic.gov.au",
        "createdTime": 1446613860000,
        "updatedTime": 1446614880000,
        "htmlFurther": "",
        "severity": "330",
        "geo": {
            "points": [{
                "name": "Endeavour Hills",
                "type": "Locality",
                "locationInfo": "Braemar Ct",
                "latitude": "-37.9659",
                "longitude": "145.2676",
                "localGovernmentArea": "",
                "stateGovernmentRegion": ""
            }],
            "bbox": ""
        },
        "title": "",
        "size": "Small",
        "sizeHa": "",
        "resourceCount": "1",
        "agencyArea": "Central",
        "timeWentSafe": 1446614880000,
        "agencyId": "1544268",
        "timeSeverity": 1446614880000,
        "color": "#FFF"
    }, {
        "id": "1446614900039",
        "type": "Incident",
        "layerGroup": "Fire",
        "layer": "fire",
        "name": "Non Building Fire",
        "status": "Safe",
        "icon": "fire",
        "state": "VIC",
        "agencyShort": "MFB",
        "agency": "Metropolitan Fire Brigade",
        "agencyUrl": "http:\/\/www.mfb.vic.gov.au",
        "createdTime": 1446614852000,
        "updatedTime": 1446614852000,
        "htmlFurther": "",
        "severity": "330",
        "geo": {
            "points": [{
                "name": "Melbourne",
                "type": "Locality",
                "locationInfo": "Melbourne",
                "latitude": "-37.8103",
                "longitude": "144.9614",
                "localGovernmentArea": "",
                "stateGovernmentRegion": ""
            }],
            "bbox": ""
        },
        "title": "",
        "size": "Small",
        "sizeHa": "",
        "resourceCount": "2",
        "agencyArea": "Central",
        "timeWentSafe": 1446614852000,
        "agencyId": "151102341",
        "timeSeverity": 1446614852000,
        "color": "#FFF"
    }, {
        "id": "1446614822978",
        "type": "Incident",
        "layerGroup": "Tree Down",
        "layer": "treedown",
        "name": "Tree Down",
        "status": "Safe",
        "icon": "fire",
        "state": "SA",
        "agencyShort": "CFS",
        "agency": "Country Fire Service",
        "agencyUrl": "http:\/\/www.cfs.sa.gov.au",
        "createdTime": 1446609360000,
        "updatedTime": 1446614822000,
        "htmlFurther": "",
        "severity": "1",
        "geo": {
            "points": [{
                "name": "Crystal Brook - SA",
                "type": "Locality",
                "locationInfo": "Augusta Highway, Crystal Brook",
                "latitude": "-33.390",
                "longitude": "138.171",
                "localGovernmentArea": "Port Pirie",
                "stateGovernmentRegion": "Yorke And Mid North"
            }],
            "bbox": ""
        },
        "title": "",
        "size": "",
        "sizeHa": "",
        "resourceCount": "0",
        "agencyArea": "Region 4",
        "timeWentSafe": 1446614822000,
        "agencyId": "151104145630",
        "timeSeverity": 1446614822000,
        "color": "#FFF"
    }, {
        "id": "1446615242653",
        "type": "Incident",
        "layerGroup": "Fire",
        "layer": "fire",
        "name": "False Alarm",
        "status": "Safe",
        "icon": "fire",
        "state": "VIC",
        "agencyShort": "CFA",
        "agency": "Country Fire Authority",
        "agencyUrl": "http:\/\/www.cfa.vic.gov.au",
        "createdTime": 1446614040000,
        "updatedTime": 1446614820000,
        "htmlFurther": "",
        "severity": "330",
        "geo": {
            "points": [{
                "name": "Warrnambool",
                "type": "Locality",
                "locationInfo": "Princes Hwy",
                "latitude": "-38.3887",
                "longitude": "142.5384",
                "localGovernmentArea": "",
                "stateGovernmentRegion": ""
            }],
            "bbox": ""
        },
        "title": "",
        "size": "Small",
        "sizeHa": "",
        "resourceCount": "0",
        "agencyArea": "South West",
        "timeWentSafe": 1446614820000,
        "agencyId": "1544270",
        "timeSeverity": 1446614820000,
        "color": "#FFF"
    }, {
        "id": "1446614703282",
        "type": "Incident",
        "layerGroup": "Other",
        "layer": "other",
        "name": "Other",
        "status": "Responding",
        "icon": "fireActive",
        "state": "SA",
        "agencyShort": "CFS",
        "agency": "Country Fire Service",
        "agencyUrl": "http:\/\/www.cfs.sa.gov.au",
        "createdTime": 1446614160000,
        "updatedTime": 1446614703000,
        "htmlFurther": "",
        "severity": 3,
        "geo": {
            "points": [{
                "name": "Clare - SA",
                "type": "Locality",
                "locationInfo": "Cfs - Clare",
                "latitude": "-33.830",
                "longitude": "138.616",
                "localGovernmentArea": "Clare And Gilbert Valleys",
                "stateGovernmentRegion": "Yorke And Mid North"
            }],
            "bbox": ""
        },
        "title": "",
        "size": "",
        "sizeHa": "",
        "resourceCount": "0",
        "agencyArea": "Region 2",
        "timeWentSafe": "",
        "agencyId": "151104161611",
        "timeSeverity": 1446614703000,
        "color": "#FFF"
    }, {
        "id": "1446614660131",
        "type": "Incident",
        "layerGroup": "Other",
        "layer": "other",
        "name": "Other",
        "status": "Safe",
        "icon": "other",
        "state": "VIC",
        "agencyShort": "CFA",
        "agency": "Country Fire Authority",
        "agencyUrl": "http:\/\/www.cfa.vic.gov.au",
        "createdTime": 1446613920000,
        "updatedTime": 1446614400000,
        "htmlFurther": "",
        "severity": "210",
        "geo": {
            "points": [{
                "name": "Upwey",
                "type": "Locality",
                "locationInfo": "",
                "latitude": "-37.9020",
                "longitude": "145.3298",
                "localGovernmentArea": "",
                "stateGovernmentRegion": ""
            }],
            "bbox": ""
        },
        "title": "",
        "size": "Small",
        "sizeHa": "",
        "resourceCount": "0",
        "agencyArea": "Central",
        "timeWentSafe": 1446614400000,
        "agencyId": "1544269",
        "timeSeverity": 1446614400000,
        "color": "#FFF"
    }, {
        "id": "1446614282275",
        "type": "Incident",
        "layerGroup": "Tree Down",
        "layer": "treedown",
        "name": "Tree Down",
        "status": "Request For Assistance",
        "icon": "treeDown",
        "state": "VIC",
        "agencyShort": "VICSES",
        "agency": "Victoria State Emergency Service",
        "agencyUrl": "http:\/\/www.ses.vic.gov.au",
        "createdTime": 1446612060000,
        "updatedTime": 1446614220000,
        "htmlFurther": "",
        "severity": "190",
        "geo": {
            "points": [{
                "name": "Langwarrin",
                "type": "Locality",
                "locationInfo": "1 Margaret St",
                "latitude": "-38.1553",
                "longitude": "145.1863",
                "localGovernmentArea": "",
                "stateGovernmentRegion": ""
            }],
            "bbox": ""
        },
        "title": "",
        "size": "Small",
        "sizeHa": "",
        "resourceCount": "1",
        "agencyArea": "",
        "timeWentSafe": "",
        "agencyId": "207960",
        "timeSeverity": 1446614220000,
        "color": "#FFF"
    }, {
        "id": "1446614282428",
        "type": "Incident",
        "layerGroup": "Tree Down Traffic Hazard",
        "layer": "treedowntraffichazard",
        "name": "Tree Down Traffic Haz",
        "status": "Complete",
        "icon": "treeDownTraffic",
        "state": "VIC",
        "agencyShort": "VICSES",
        "agency": "Victoria State Emergency Service",
        "agencyUrl": "http:\/\/www.ses.vic.gov.au",
        "createdTime": 1446613560000,
        "updatedTime": 1446614220000,
        "htmlFurther": "",
        "severity": "220",
        "geo": {
            "points": [{
                "name": "Bundalong",
                "type": "Locality",
                "locationInfo": "Murray Valley Hwy",
                "latitude": "-36.0264",
                "longitude": "146.1548",
                "localGovernmentArea": "",
                "stateGovernmentRegion": ""
            }],
            "bbox": ""
        },
        "title": "",
        "size": "Small",
        "sizeHa": "",
        "resourceCount": "0",
        "agencyArea": "",
        "timeWentSafe": "",
        "agencyId": "207963",
        "timeSeverity": 1446614220000,
        "color": "#FFF"
    }, {
        "id": "6380",
        "type": "Incident",
        "layerGroup": "Storm",
        "layer": "weatherincidents",
        "name": "Storm",
        "status": "Incident",
        "icon": "storm",
        "state": "VIC",
        "agencyShort": "BOM",
        "agency": "Australian Bureau of Meteorology",
        "agencyUrl": "http:\/\/bom.gov.au",
        "createdTime": 1446613952000,
        "updatedTime": 1446613952000,
        "htmlFurther": "YES",
        "severity": "1",
        "geo": {
            "points": [{
                "name": "Mallee",
                "type": "Locality",
                "latitude": "-35.23961",
                "longitude": "142.36869",
                "localGovernmentArea": "",
                "stateGovernmentRegion": ""
            }, {
                "name": "Wimmera",
                "type": "Locality",
                "latitude": "-36.5371",
                "longitude": "141.96397",
                "localGovernmentArea": "",
                "stateGovernmentRegion": ""
            }, {
                "name": "Northern Country",
                "type": "Locality",
                "latitude": "-36.41401",
                "longitude": "144.75013",
                "localGovernmentArea": "",
                "stateGovernmentRegion": ""
            }, {
                "name": "North East",
                "type": "Locality",
                "latitude": "-36.63857",
                "longitude": "146.82319",
                "localGovernmentArea": "",
                "stateGovernmentRegion": ""
            }, {
                "name": "North Central",
                "type": "Locality",
                "latitude": "-37.17265",
                "longitude": "144.9244",
                "localGovernmentArea": "",
                "stateGovernmentRegion": ""
            }, {
                "name": "South West",
                "type": "Locality",
                "latitude": "-37.84597",
                "longitude": "142.53453",
                "localGovernmentArea": "",
                "stateGovernmentRegion": ""
            }],
            "bbox": "140.96,-38.86,148.22,-33.98"
        },
        "timeSeverity": 1446613952000,
        "color": "#FFF"
    }, {
        "id": "1446614822833",
        "type": "Incident",
        "layerGroup": "Accident \/ Rescue",
        "layer": "accidentRescue",
        "name": "Washaway",
        "status": "Responding",
        "icon": "roadAccident",
        "state": "VIC",
        "agencyShort": "CFA",
        "agency": "Country Fire Authority",
        "agencyUrl": "http:\/\/www.cfa.vic.gov.au",
        "createdTime": 1446613800000,
        "updatedTime": 1446613800000,
        "htmlFurther": "",
        "severity": "260",
        "vtc": 1446615256,
        "geo": {
            "points": [{
                "name": "Mulgrave",
                "type": "Locality",
                "locationInfo": "",
                "latitude": "-37.9319",
                "longitude": "145.1937",
                "localGovernmentArea": "",
                "stateGovernmentRegion": ""
            }],
            "bbox": ""
        },
        "title": "",
        "size": "Small",
        "sizeHa": "",
        "resourceCount": "1",
        "agencyArea": "Central",
        "timeWentSafe": "",
        "agencyId": "1544267",
        "timeSeverity": 1446613800000,
        "color": "#FFF"
    }, {
        "id": "1446613801883",
        "type": "Incident",
        "layerGroup": "Tree Down",
        "layer": "treedown",
        "name": "Tree Down",
        "status": "Request For Assistance",
        "icon": "treeDown",
        "state": "VIC",
        "agencyShort": "VICSES",
        "agency": "Victoria State Emergency Service",
        "agencyUrl": "http:\/\/www.ses.vic.gov.au",
        "createdTime": 1446613620000,
        "updatedTime": 1446613740000,
        "htmlFurther": "",
        "severity": "190",
        "geo": {
            "points": [{
                "name": "Berwick",
                "type": "Locality",
                "locationInfo": "74 Inglis Rd",
                "latitude": "-38.0263",
                "longitude": "145.3656",
                "localGovernmentArea": "",
                "stateGovernmentRegion": ""
            }],
            "bbox": ""
        },
        "title": "",
        "size": "Small",
        "sizeHa": "",
        "resourceCount": "0",
        "agencyArea": "",
        "timeWentSafe": "",
        "agencyId": "207964",
        "timeSeverity": 1446613740000,
        "color": "#FFF"
    }, {
        "id": "1446613820221",
        "type": "Incident",
        "layerGroup": "Accident \/ Rescue",
        "layer": "accidentRescue",
        "name": "Road Accident",
        "status": "Safe",
        "icon": "roadAccident",
        "state": "VIC",
        "agencyShort": "CFA",
        "agency": "Country Fire Authority",
        "agencyUrl": "http:\/\/www.cfa.vic.gov.au",
        "createdTime": 1446612600000,
        "updatedTime": 1446613680000,
        "htmlFurther": "",
        "severity": "260",
        "geo": {
            "points": [{
                "name": "Mooroolbark",
                "type": "Locality",
                "locationInfo": "Balcombe Av",
                "latitude": "-37.7746",
                "longitude": "145.3282",
                "localGovernmentArea": "",
                "stateGovernmentRegion": ""
            }],
            "bbox": ""
        },
        "title": "",
        "size": "Small",
        "sizeHa": "",
        "resourceCount": "0",
        "agencyArea": "Central",
        "timeWentSafe": 1446613680000,
        "agencyId": "1544263",
        "timeSeverity": 1446613680000,
        "color": "#FFF"
    }, {
        "id": "1446613623345",
        "type": "Incident",
        "layerGroup": "Tree Down",
        "layer": "treedown",
        "name": "Tree Down",
        "status": "Responding",
        "icon": "fireActive",
        "state": "SA",
        "agencyShort": "CFS",
        "agency": "Country Fire Service",
        "agencyUrl": "http:\/\/www.cfs.sa.gov.au",
        "createdTime": 1446613080000,
        "updatedTime": 1446613623000,
        "htmlFurther": "",
        "severity": 3,
        "geo": {
            "points": [{
                "name": "Waikerie - SA",
                "type": "Locality",
                "locationInfo": "Hunter Road, Waikerie",
                "latitude": "-34.177",
                "longitude": "139.950",
                "localGovernmentArea": "Loxton Waikerie",
                "stateGovernmentRegion": "Murray And Mallee"
            }],
            "bbox": ""
        },
        "title": "",
        "size": "",
        "sizeHa": "",
        "resourceCount": "0",
        "agencyArea": "Region 3",
        "timeWentSafe": "",
        "agencyId": "151104155821",
        "timeSeverity": 1446613623000,
        "color": "#FFF"
    }, {
        "id": "1446613982898",
        "type": "Incident",
        "layerGroup": "Other",
        "layer": "other",
        "name": "Other",
        "status": "Safe",
        "icon": "other",
        "state": "VIC",
        "agencyShort": "CFA",
        "agency": "Country Fire Authority",
        "agencyUrl": "http:\/\/www.cfa.vic.gov.au",
        "createdTime": 1446612240000,
        "updatedTime": 1446613560000,
        "htmlFurther": "",
        "severity": "210",
        "geo": {
            "points": [{
                "name": "Mooroolbark",
                "type": "Locality",
                "locationInfo": "Balcombe Av",
                "latitude": "-37.7746",
                "longitude": "145.3282",
                "localGovernmentArea": "",
                "stateGovernmentRegion": ""
            }],
            "bbox": ""
        },
        "title": "",
        "size": "Small",
        "sizeHa": "",
        "resourceCount": "1",
        "agencyArea": "Central",
        "timeWentSafe": 1446613560000,
        "agencyId": "1544261",
        "timeSeverity": 1446613560000,
        "color": "#FFF"
    }, {
        "id": "1446613940397",
        "type": "Incident",
        "layerGroup": "Fire",
        "layer": "fire",
        "name": "Building",
        "status": "Safe",
        "icon": "fire",
        "state": "VIC",
        "agencyShort": "CFA",
        "agency": "Country Fire Authority",
        "agencyUrl": "http:\/\/www.cfa.vic.gov.au",
        "createdTime": 1446612780000,
        "updatedTime": 1446613260000,
        "htmlFurther": "",
        "severity": "330",
        "geo": {
            "points": [{
                "name": "Mill Park",
                "type": "Locality",
                "locationInfo": "Heaths Ct",
                "latitude": "-37.6572",
                "longitude": "145.0825",
                "localGovernmentArea": "",
                "stateGovernmentRegion": ""
            }],
            "bbox": ""
        },
        "title": "",
        "size": "Small",
        "sizeHa": "",
        "resourceCount": "0",
        "agencyArea": "Central",
        "timeWentSafe": 1446613260000,
        "agencyId": "1544265",
        "timeSeverity": 1446613260000,
        "color": "#FFF"
    }, {
        "id": "1446615182247",
        "type": "Incident",
        "layerGroup": "Fire",
        "layer": "fire",
        "name": "Building",
        "status": "Not Yet Under Control",
        "icon": "fireActive",
        "state": "VIC",
        "agencyShort": "CFA",
        "agency": "Country Fire Authority",
        "agencyUrl": "http:\/\/www.cfa.vic.gov.au",
        "createdTime": 1446613200000,
        "updatedTime": 1446613200000,
        "htmlFurther": "",
        "severity": 332,
        "geo": {
            "points": [{
                "name": "Selby",
                "type": "Locality",
                "locationInfo": "Batesleigh Rd",
                "latitude": "-37.9286",
                "longitude": "145.3793",
                "localGovernmentArea": "",
                "stateGovernmentRegion": ""
            }],
            "bbox": ""
        },
        "title": "",
        "size": "Small",
        "sizeHa": "",
        "resourceCount": "8",
        "agencyArea": "Central",
        "timeWentSafe": "",
        "agencyId": "1544266",
        "timeSeverity": 1446613200000,
        "color": "#FFF"
    }, {
        "id": "1446614102587",
        "type": "Incident",
        "layerGroup": "Fire",
        "layer": "fire",
        "name": "False Alarm",
        "status": "Safe",
        "icon": "fire",
        "state": "VIC",
        "agencyShort": "CFA",
        "agency": "Country Fire Authority",
        "agencyUrl": "http:\/\/www.cfa.vic.gov.au",
        "createdTime": 1446612180000,
        "updatedTime": 1446613200000,
        "htmlFurther": "",
        "severity": "330",
        "geo": {
            "points": [{
                "name": "Lysterfield",
                "type": "Locality",
                "locationInfo": "",
                "latitude": "-37.9170",
                "longitude": "145.3007",
                "localGovernmentArea": "",
                "stateGovernmentRegion": ""
            }],
            "bbox": ""
        },
        "title": "",
        "size": "Small",
        "sizeHa": "",
        "resourceCount": "0",
        "agencyArea": "Central",
        "timeWentSafe": 1446613200000,
        "agencyId": "1544260",
        "timeSeverity": 1446613200000,
        "color": "#FFF"
    }, {
        "id": "8106",
        "type": "Warning",
        "layerGroup": "Advice",
        "layer": "warning",
        "name": "Storm",
        "status": "",
        "icon": "warningAdvice",
        "state": "VIC",
        "agencyShort": "VICSES",
        "agency": "Victoria State Emergency Service",
        "agencyUrl": "http:\/\/www.ses.vic.gov.au",
        "createdTime": 1446613200000,
        "updatedTime": 1446613200000,
        "htmlFurther": "YES",
        "severity": 340,
        "geo": {
            "points": [{
                "name": "Walpeup",
                "type": "Locality",
                "latitude": "-35.13629",
                "longitude": "142.02344",
                "localGovernmentArea": "",
                "stateGovernmentRegion": ""
            }, {
                "name": "Horsham",
                "type": "Locality",
                "latitude": "-36.7126",
                "longitude": "142.2036",
                "localGovernmentArea": "",
                "stateGovernmentRegion": ""
            }],
            "bbox": "142.02,-36.71,142.2,-35.14"
        },
        "timeSeverity": 1446613200000,
        "color": "#FFFF23"
    }, {
        "id": "1446613563015",
        "type": "Incident",
        "layerGroup": "Accident \/ Rescue",
        "layer": "accidentRescue",
        "name": "Road Accident",
        "status": "Safe",
        "icon": "roadAccident",
        "state": "VIC",
        "agencyShort": "CFA",
        "agency": "Country Fire Authority",
        "agencyUrl": "http:\/\/www.cfa.vic.gov.au",
        "createdTime": 1446612600000,
        "updatedTime": 1446613080000,
        "htmlFurther": "",
        "severity": "260",
        "geo": {
            "points": [{
                "name": "Kennington",
                "type": "Locality",
                "locationInfo": "Condon St",
                "latitude": "-36.7734",
                "longitude": "144.3057",
                "localGovernmentArea": "",
                "stateGovernmentRegion": ""
            }],
            "bbox": ""
        },
        "title": "",
        "size": "Small",
        "sizeHa": "",
        "resourceCount": "0",
        "agencyArea": "Northern Country",
        "timeWentSafe": 1446613080000,
        "agencyId": "1544264",
        "timeSeverity": 1446613080000,
        "color": "#FFF"
    }, {
        "id": "1446612721690",
        "type": "Incident",
        "layerGroup": "Building Damage",
        "layer": "buildingDamage",
        "name": "Building Damage",
        "status": "Complete",
        "icon": "buildingDamage",
        "state": "VIC",
        "agencyShort": "VICSES",
        "agency": "Victoria State Emergency Service",
        "agencyUrl": "http:\/\/www.ses.vic.gov.au",
        "createdTime": 1446612300000,
        "updatedTime": 1446612660000,
        "htmlFurther": "",
        "severity": "240",
        "geo": {
            "points": [{
                "name": "Waaia",
                "type": "Locality",
                "locationInfo": "746 Centre Rd",
                "latitude": "-36.0386",
                "longitude": "145.2859",
                "localGovernmentArea": "",
                "stateGovernmentRegion": ""
            }],
            "bbox": ""
        },
        "title": "",
        "size": "Small",
        "sizeHa": "",
        "resourceCount": "0",
        "agencyArea": "",
        "timeWentSafe": "",
        "agencyId": "207961",
        "timeSeverity": 1446612660000,
        "color": "#FFF"
    }, {
        "id": "1446612601775",
        "type": "Incident",
        "layerGroup": "Tree Down",
        "layer": "treedown",
        "name": "Tree Down",
        "status": "Request For Assistance",
        "icon": "treeDown",
        "state": "VIC",
        "agencyShort": "VICSES",
        "agency": "Victoria State Emergency Service",
        "agencyUrl": "http:\/\/www.ses.vic.gov.au",
        "createdTime": 1446610200000,
        "updatedTime": 1446612540000,
        "htmlFurther": "",
        "severity": "190",
        "geo": {
            "points": [{
                "name": "Templestowe Lower",
                "type": "Locality",
                "locationInfo": "10 Howitt Dr",
                "latitude": "-37.7670",
                "longitude": "145.1107",
                "localGovernmentArea": "",
                "stateGovernmentRegion": ""
            }],
            "bbox": ""
        },
        "title": "",
        "size": "Small",
        "sizeHa": "",
        "resourceCount": "1",
        "agencyArea": "",
        "timeWentSafe": "",
        "agencyId": "207959",
        "timeSeverity": 1446612540000,
        "color": "#FFF"
    }, {
        "id": "1446612182279",
        "type": "Incident",
        "layerGroup": "Building Damage",
        "layer": "buildingDamage",
        "name": "Building Damage",
        "status": "Responding",
        "icon": "fireActive",
        "state": "SA",
        "agencyShort": "CFS",
        "agency": "Country Fire Service",
        "agencyUrl": "http:\/\/www.cfs.sa.gov.au",
        "createdTime": 1446611880000,
        "updatedTime": 1446612182000,
        "htmlFurther": "",
        "severity": 3,
        "geo": {
            "points": [{
                "name": "Waikerie - SA",
                "type": "Locality",
                "locationInfo": "Leonard Norman Drive, Waikerie",
                "latitude": "-34.174",
                "longitude": "139.984",
                "localGovernmentArea": "Loxton Waikerie",
                "stateGovernmentRegion": "Murray And Mallee"
            }],
            "bbox": ""
        },
        "title": "",
        "size": "",
        "sizeHa": "",
        "resourceCount": "0",
        "agencyArea": "Region 3",
        "timeWentSafe": "",
        "agencyId": "151104153830",
        "timeSeverity": 1446612182000,
        "color": "#FFF"
    }, {
        "id": "6377",
        "type": "Incident",
        "layerGroup": "Storm",
        "layer": "weatherincidents",
        "name": "Thunderstorm",
        "status": "Incident",
        "icon": "storm",
        "state": "VIC",
        "agencyShort": "BOM",
        "agency": "Australian Bureau of Meteorology",
        "agencyUrl": "http:\/\/bom.gov.au",
        "createdTime": 1446610986000,
        "updatedTime": 1446610986000,
        "htmlFurther": "YES",
        "severity": "1",
        "vtc": 1446615256,
        "geo": {
            "points": [{
                "name": "Mallee",
                "type": "Locality",
                "latitude": "-35.23961",
                "longitude": "142.36869",
                "localGovernmentArea": "",
                "stateGovernmentRegion": ""
            }, {
                "name": "Wimmera",
                "type": "Locality",
                "latitude": "-36.5371",
                "longitude": "141.96397",
                "localGovernmentArea": "",
                "stateGovernmentRegion": ""
            }],
            "bbox": "140.96,-37.45,144.42,-33.98"
        },
        "timeSeverity": 1446610986000,
        "color": "#FFF"
    }, {
        "id": "1446608944386",
        "type": "Incident",
        "layerGroup": "Building Damage",
        "layer": "buildingDamage",
        "name": "Building Damage",
        "status": "Responding",
        "icon": "fireActive",
        "state": "SA",
        "agencyShort": "CFS",
        "agency": "Country Fire Service",
        "agencyUrl": "http:\/\/www.cfs.sa.gov.au",
        "createdTime": 1446608100000,
        "updatedTime": 1446608944000,
        "htmlFurther": "",
        "severity": 3,
        "geo": {
            "points": [{
                "name": "Burra - SA",
                "type": "Locality",
                "locationInfo": "Commercial Street, Burra",
                "latitude": "-33.683",
                "longitude": "138.939",
                "localGovernmentArea": "Goyder",
                "stateGovernmentRegion": "Yorke And Mid North"
            }],
            "bbox": ""
        },
        "title": "",
        "size": "",
        "sizeHa": "",
        "resourceCount": "0",
        "agencyArea": "Region 4",
        "timeWentSafe": "",
        "agencyId": "151104143524",
        "timeSeverity": 1446608944000,
        "color": "#FFF"
    }, {
        "id": "1446608223091",
        "type": "Incident",
        "layerGroup": "Building Damage",
        "layer": "buildingDamage",
        "name": "Building Damage",
        "status": "Responding",
        "icon": "fireActive",
        "state": "SA",
        "agencyShort": "CFS",
        "agency": "Country Fire Service",
        "agencyUrl": "http:\/\/www.cfs.sa.gov.au",
        "createdTime": 1446607980000,
        "updatedTime": 1446608223000,
        "htmlFurther": "",
        "severity": 3,
        "geo": {
            "points": [{
                "name": "Jamestown - SA",
                "type": "Locality",
                "locationInfo": "South Terrace, Jamestown Hospital",
                "latitude": "-33.212",
                "longitude": "138.616",
                "localGovernmentArea": "Northern Areas",
                "stateGovernmentRegion": "Yorke And Mid North"
            }],
            "bbox": ""
        },
        "title": "",
        "size": "",
        "sizeHa": "",
        "resourceCount": "0",
        "agencyArea": "Region 4",
        "timeWentSafe": "",
        "agencyId": "151104143333",
        "timeSeverity": 1446608223000,
        "color": "#FFF"
    }, {
        "id": "1446605342708",
        "type": "Incident",
        "layerGroup": "Fire",
        "layer": "fire",
        "name": "Bushfire",
        "status": "Safe",
        "icon": "fire",
        "state": "VIC",
        "agencyShort": "DELWP",
        "agency": null,
        "agencyUrl": null,
        "createdTime": 1446272100000,
        "updatedTime": 1446604800000,
        "htmlFurther": "",
        "severity": "330",
        "geo": {
            "points": [{
                "name": "10km E Of Orbost",
                "type": "Locality",
                "locationInfo": "",
                "latitude": "-37.7029",
                "longitude": "148.5655",
                "localGovernmentArea": "",
                "stateGovernmentRegion": ""
            }],
            "bbox": ""
        },
        "title": "",
        "size": "Spot Ha.",
        "sizeHa": "",
        "resourceCount": "1",
        "agencyArea": "East Gippsland",
        "timeWentSafe": 1446604800000,
        "agencyId": "1544251",
        "timeSeverity": 1446604800000,
        "color": "#FFF"
    }, {
        "id": "1446601741756",
        "type": "Incident",
        "layerGroup": "Tree Down",
        "layer": "treedown",
        "name": "Tree Down",
        "status": "Request For Assistance",
        "icon": "treeDown",
        "state": "VIC",
        "agencyShort": "VICSES",
        "agency": "Victoria State Emergency Service",
        "agencyUrl": "http:\/\/www.ses.vic.gov.au",
        "createdTime": 1446599760000,
        "updatedTime": 1446601680000,
        "htmlFurther": "",
        "severity": "190",
        "geo": {
            "points": [{
                "name": "Pearcedale",
                "type": "Locality",
                "locationInfo": "105 Smiths Lane",
                "latitude": "-38.1858",
                "longitude": "145.2568",
                "localGovernmentArea": "",
                "stateGovernmentRegion": ""
            }],
            "bbox": ""
        },
        "title": "",
        "size": "Small",
        "sizeHa": "",
        "resourceCount": "1",
        "agencyArea": "",
        "timeWentSafe": "",
        "agencyId": "207946",
        "timeSeverity": 1446601680000,
        "color": "#FFF"
    }, {
        "id": "1446612002329",
        "type": "Incident",
        "layerGroup": "Fire",
        "layer": "fire",
        "name": "Building",
        "status": "Under Control",
        "icon": "fire",
        "state": "VIC",
        "agencyShort": "CFA",
        "agency": "Country Fire Authority",
        "agencyUrl": "http:\/\/www.cfa.vic.gov.au",
        "createdTime": 1446541320000,
        "updatedTime": 1446600780000,
        "htmlFurther": "",
        "severity": "330",
        "geo": {
            "points": [{
                "name": "Portland",
                "type": "Locality",
                "locationInfo": "Bentinck St",
                "latitude": "-38.3526",
                "longitude": "141.6150",
                "localGovernmentArea": "",
                "stateGovernmentRegion": ""
            }],
            "bbox": ""
        },
        "title": "",
        "size": "Small",
        "sizeHa": "",
        "resourceCount": "8",
        "agencyArea": "South West",
        "timeWentSafe": "",
        "agencyId": "1544167",
        "timeSeverity": 1446600780000,
        "color": "#FFF"
    }, {
        "id": "1446601160076",
        "type": "Incident",
        "layerGroup": "Fire",
        "layer": "fire",
        "name": "Bushfire",
        "status": "Not Yet Under Control",
        "icon": "fireActive",
        "state": "VIC",
        "agencyShort": "DELWP",
        "agency": null,
        "agencyUrl": null,
        "createdTime": 1446552000000,
        "updatedTime": 1446600720000,
        "htmlFurther": "",
        "severity": 332,
        "geo": {
            "points": [{
                "name": "7km Ne Of Mildura",
                "type": "Locality",
                "locationInfo": "",
                "latitude": "-34.1839",
                "longitude": "142.2067",
                "localGovernmentArea": "",
                "stateGovernmentRegion": ""
            }],
            "bbox": ""
        },
        "title": "",
        "size": "0.50 Ha.",
        "sizeHa": "",
        "resourceCount": "1",
        "agencyArea": "Mallee",
        "timeWentSafe": "",
        "agencyId": "1544196",
        "timeSeverity": 1446600720000,
        "color": "#FFF"
    }, {
        "id": "1446596524505",
        "type": "Incident",
        "layerGroup": "Fire",
        "layer": "fire",
        "name": "Grass Fire",
        "status": "Responding",
        "icon": "fireActive",
        "state": "SA",
        "agencyShort": "CFS",
        "agency": "Country Fire Service",
        "agencyUrl": "http:\/\/www.cfs.sa.gov.au",
        "createdTime": 1446596160000,
        "updatedTime": 1446596524000,
        "htmlFurther": "",
        "severity": 3,
        "geo": {
            "points": [{
                "name": "Tungkillo - SA",
                "type": "Locality",
                "locationInfo": "Terlinga Road, Tungkillo",
                "latitude": "-34.843",
                "longitude": "139.052",
                "localGovernmentArea": "Mid Murray",
                "stateGovernmentRegion": "Murray And Mallee"
            }],
            "bbox": ""
        },
        "title": "",
        "size": "",
        "sizeHa": "",
        "resourceCount": "0",
        "agencyArea": "Region 2",
        "timeWentSafe": "",
        "agencyId": "151104111624",
        "timeSeverity": 1446596524000,
        "color": "#FFF"
    }, {
        "id": "8104",
        "type": "Warning",
        "layerGroup": "Advice",
        "layer": "warning",
        "name": "Fire",
        "status": "",
        "icon": "warningAdvice",
        "state": "VIC",
        "agencyShort": "CFA",
        "agency": "Country Fire Authority",
        "agencyUrl": "http:\/\/www.cfa.vic.gov.au",
        "createdTime": 1446593773000,
        "updatedTime": 1446593773000,
        "htmlFurther": "YES",
        "severity": 340,
        "vtc": 1446615256,
        "geo": {
            "points": [{
                "name": "Portland",
                "type": "Locality",
                "latitude": "-38.34011",
                "longitude": "141.60098",
                "localGovernmentArea": "",
                "stateGovernmentRegion": ""
            }, {
                "name": "Portland North",
                "type": "Locality",
                "latitude": "-38.31579",
                "longitude": "141.5724",
                "localGovernmentArea": "",
                "stateGovernmentRegion": ""
            }, {
                "name": "Portland West",
                "type": "Locality",
                "latitude": "-38.34249",
                "longitude": "141.5538",
                "localGovernmentArea": "",
                "stateGovernmentRegion": ""
            }],
            "bbox": ""
        },
        "timeSeverity": 1446593773000,
        "color": "#FFFF23"
    }, {
        "id": "1446587702626",
        "type": "Incident",
        "layerGroup": "Fire",
        "layer": "fire",
        "name": "Bushfire",
        "status": "Under Control",
        "icon": "fire",
        "state": "VIC",
        "agencyShort": "DELWP",
        "agency": null,
        "agencyUrl": null,
        "createdTime": 1446276060000,
        "updatedTime": 1446587580000,
        "htmlFurther": "",
        "severity": "330",
        "geo": {
            "points": [{
                "name": "6 Km E Strathdownie",
                "type": "Locality",
                "locationInfo": "",
                "latitude": "-37.7392",
                "longitude": "141.2043",
                "localGovernmentArea": "",
                "stateGovernmentRegion": ""
            }],
            "bbox": ""
        },
        "title": "",
        "size": "1.00 Ha.",
        "sizeHa": "",
        "resourceCount": "0",
        "agencyArea": "South West",
        "timeWentSafe": "",
        "agencyId": "1543720",
        "timeSeverity": 1446587580000,
        "color": "#FFF"
    }, {
        "id": "1446587702801",
        "type": "Incident",
        "layerGroup": "Fire",
        "layer": "fire",
        "name": "Bushfire",
        "status": "Under Control",
        "icon": "fire",
        "state": "VIC",
        "agencyShort": "DELWP",
        "agency": null,
        "agencyUrl": null,
        "createdTime": 1446272580000,
        "updatedTime": 1446587520000,
        "htmlFurther": "",
        "severity": "330",
        "geo": {
            "points": [{
                "name": "17km Nnw Dartmoor",
                "type": "Locality",
                "locationInfo": "",
                "latitude": "-37.7698",
                "longitude": "141.2384",
                "localGovernmentArea": "",
                "stateGovernmentRegion": ""
            }],
            "bbox": ""
        },
        "title": "",
        "size": "1.50 Ha.",
        "sizeHa": "",
        "resourceCount": "0",
        "agencyArea": "South West",
        "timeWentSafe": "",
        "agencyId": "1543705",
        "timeSeverity": 1446587520000,
        "color": "#FFF"
    }, {
        "id": "1446587703005",
        "type": "Incident",
        "layerGroup": "Fire",
        "layer": "fire",
        "name": "Bushfire",
        "status": "Under Control",
        "icon": "fire",
        "state": "VIC",
        "agencyShort": "DELWP",
        "agency": null,
        "agencyUrl": null,
        "createdTime": 1446273300000,
        "updatedTime": 1446587460000,
        "htmlFurther": "",
        "severity": "330",
        "geo": {
            "points": [{
                "name": "15 Km South Casterton",
                "type": "Locality",
                "locationInfo": "",
                "latitude": "-37.7351",
                "longitude": "141.4029",
                "localGovernmentArea": "",
                "stateGovernmentRegion": ""
            }],
            "bbox": ""
        },
        "title": "",
        "size": "3.00 Ha.",
        "sizeHa": "",
        "resourceCount": "0",
        "agencyArea": "South West",
        "timeWentSafe": "",
        "agencyId": "1543707",
        "timeSeverity": 1446587460000,
        "color": "#FFF"
    }, {
        "id": "1446527462221",
        "type": "Incident",
        "layerGroup": "Planned Burn",
        "layer": "plannedburn",
        "name": "Planned Burn",
        "status": "Patrolled",
        "icon": "plannedBurn",
        "state": "VIC",
        "agencyShort": "DELWP",
        "agency": null,
        "agencyUrl": null,
        "createdTime": 1446516609000,
        "updatedTime": 1446527336000,
        "htmlFurther": "",
        "severity": "1",
        "geo": {
            "points": [{
                "name": "12.5km Ssw Of Castlemaine",
                "type": "Locality",
                "locationInfo": "",
                "latitude": "-37.1749",
                "longitude": "144.2584",
                "localGovernmentArea": "",
                "stateGovernmentRegion": ""
            }],
            "bbox": ""
        },
        "title": "",
        "size": "5 Ha.",
        "sizeHa": "",
        "resourceCount": "0",
        "agencyArea": "North Central",
        "timeWentSafe": "",
        "agencyId": "877429",
        "timeSeverity": -1,
        "color": "#FFF"
    }, {
        "id": "1446524162279",
        "type": "Incident",
        "layerGroup": "Planned Burn",
        "layer": "plannedburn",
        "name": "Planned Burn",
        "status": "Patrolled",
        "icon": "plannedBurn",
        "state": "VIC",
        "agencyShort": "DELWP",
        "agency": null,
        "agencyUrl": null,
        "createdTime": 1446509401000,
        "updatedTime": 1446523936000,
        "htmlFurther": "",
        "severity": "1",
        "geo": {
            "points": [{
                "name": "2.5km Nw Of Castlemaine",
                "type": "Locality",
                "locationInfo": "",
                "latitude": "-37.0409",
                "longitude": "144.1924",
                "localGovernmentArea": "",
                "stateGovernmentRegion": ""
            }],
            "bbox": ""
        },
        "title": "",
        "size": "2 Ha.",
        "sizeHa": "",
        "resourceCount": "0",
        "agencyArea": "North Central",
        "timeWentSafe": "",
        "agencyId": "877468",
        "timeSeverity": -1,
        "color": "#FFF"
    }, {
        "id": "1446434222960",
        "type": "Incident",
        "layerGroup": "Fire",
        "layer": "fire",
        "name": "Building Fire",
        "status": "Under Control",
        "icon": "fire",
        "state": "SA",
        "agencyShort": "CFS",
        "agency": "Country Fire Service",
        "agencyUrl": "http:\/\/www.cfs.sa.gov.au",
        "createdTime": 1446095700000,
        "updatedTime": 1446434222000,
        "htmlFurther": "",
        "severity": "1",
        "geo": {
            "points": [{
                "name": "Melrose - SA",
                "type": "Locality",
                "locationInfo": "Horrocks Highway, Melrose",
                "latitude": "-32.848",
                "longitude": "138.226",
                "localGovernmentArea": "Mount Remarkable",
                "stateGovernmentRegion": "Yorke And Mid North"
            }],
            "bbox": ""
        },
        "title": "",
        "size": "",
        "sizeHa": "",
        "resourceCount": "0",
        "agencyArea": "Region 4",
        "timeWentSafe": "",
        "agencyId": "151029161525",
        "timeSeverity": 1446434222000,
        "color": "#FFF"
    }, {
        "id": "1446430981944",
        "type": "Incident",
        "layerGroup": "Fire",
        "layer": "fire",
        "name": "Bushfire",
        "status": "Under Control",
        "icon": "fire",
        "state": "VIC",
        "agencyShort": "DELWP",
        "agency": null,
        "agencyUrl": null,
        "createdTime": 1446353280000,
        "updatedTime": 1446430680000,
        "htmlFurther": "",
        "severity": "330",
        "geo": {
            "points": [{
                "name": "20km N Of Underbool",
                "type": "Locality",
                "locationInfo": "",
                "latitude": "-34.9899",
                "longitude": "141.7769",
                "localGovernmentArea": "",
                "stateGovernmentRegion": ""
            }],
            "bbox": ""
        },
        "title": "",
        "size": "1.00 Ha.",
        "sizeHa": "",
        "resourceCount": "0",
        "agencyArea": "Mallee",
        "timeWentSafe": "",
        "agencyId": "1543886",
        "timeSeverity": 1446430680000,
        "color": "#FFF"
    }, {
        "id": "1446184742284",
        "type": "Incident",
        "layerGroup": "Fire",
        "layer": "fire",
        "name": "Bushfire",
        "status": "Under Control",
        "icon": "fire",
        "state": "VIC",
        "agencyShort": "DELWP",
        "agency": null,
        "agencyUrl": null,
        "createdTime": 1444100700000,
        "updatedTime": 1446184560000,
        "htmlFurther": "",
        "severity": "330",
        "geo": {
            "points": [{
                "name": "1 Km N Mt Hickey Tower",
                "type": "Locality",
                "locationInfo": "",
                "latitude": "-37.1734",
                "longitude": "145.1549",
                "localGovernmentArea": "",
                "stateGovernmentRegion": ""
            }],
            "bbox": ""
        },
        "title": "",
        "size": "563.00 Ha.",
        "sizeHa": "",
        "resourceCount": "2",
        "agencyArea": "North Central",
        "timeWentSafe": "",
        "agencyId": "1539595",
        "timeSeverity": 1446184560000,
        "color": "#FFF"
    }, {
        "id": "1446069362490",
        "type": "Incident",
        "layerGroup": "Planned Burn",
        "layer": "plannedburn",
        "name": "Planned Burn",
        "status": "Patrolled",
        "icon": "plannedBurn",
        "state": "VIC",
        "agencyShort": "DELWP",
        "agency": null,
        "agencyUrl": null,
        "createdTime": 1443666911000,
        "updatedTime": 1446069258000,
        "htmlFurther": "",
        "severity": "1",
        "geo": {
            "points": [{
                "name": "Toolangi",
                "type": "Locality",
                "locationInfo": "",
                "latitude": "-37.5357",
                "longitude": "145.4709",
                "localGovernmentArea": "",
                "stateGovernmentRegion": ""
            }],
            "bbox": ""
        },
        "title": "",
        "size": "1.1 Ha.",
        "sizeHa": "",
        "resourceCount": "0",
        "agencyArea": "North Central",
        "timeWentSafe": "",
        "agencyId": "662179",
        "timeSeverity": -1,
        "color": "#FFF"
    }, {
        "id": "1446008342152",
        "type": "Incident",
        "layerGroup": "Fire",
        "layer": "fire",
        "name": "Bushfire",
        "status": "Under Control",
        "icon": "fire",
        "state": "VIC",
        "agencyShort": "DELWP",
        "agency": null,
        "agencyUrl": null,
        "createdTime": 1443847860000,
        "updatedTime": 1446008040000,
        "htmlFurther": "",
        "severity": "330",
        "geo": {
            "points": [{
                "name": "6 Km Nw Lancefield",
                "type": "Locality",
                "locationInfo": "",
                "latitude": "-37.2484",
                "longitude": "144.6571",
                "localGovernmentArea": "",
                "stateGovernmentRegion": ""
            }],
            "bbox": ""
        },
        "title": "",
        "size": "3055.00 Ha.",
        "sizeHa": "",
        "resourceCount": "2",
        "agencyArea": "Central",
        "timeWentSafe": "",
        "agencyId": "1538793",
        "timeSeverity": 1446008040000,
        "color": "#FFF"
    }, {
        "id": "1446004622671",
        "type": "Incident",
        "layerGroup": "Fire",
        "layer": "fire",
        "name": "Bushfire",
        "status": "Under Control",
        "icon": "fire",
        "state": "VIC",
        "agencyShort": "DELWP",
        "agency": null,
        "agencyUrl": null,
        "createdTime": 1445746620000,
        "updatedTime": 1446004200000,
        "htmlFurther": "",
        "severity": "330",
        "geo": {
            "points": [{
                "name": "40km Nnw Of Yanac",
                "type": "Locality",
                "locationInfo": "",
                "latitude": "-35.7530",
                "longitude": "141.3197",
                "localGovernmentArea": "",
                "stateGovernmentRegion": ""
            }],
            "bbox": ""
        },
        "title": "",
        "size": "345.00 Ha.",
        "sizeHa": "",
        "resourceCount": "0",
        "agencyArea": "Wimmera",
        "timeWentSafe": "",
        "agencyId": "1542714",
        "timeSeverity": 1446004200000,
        "color": "#FFF"
    }, {
        "id": "1445924463408",
        "type": "Incident",
        "layerGroup": "Fire",
        "layer": "fire",
        "name": "Bushfire",
        "status": "Under Control",
        "icon": "fire",
        "state": "VIC",
        "agencyShort": "DELWP",
        "agency": null,
        "agencyUrl": null,
        "createdTime": 1445748840000,
        "updatedTime": 1445904780000,
        "htmlFurther": "",
        "severity": "330",
        "geo": {
            "points": [{
                "name": "11km Wsw Kurnbrunin",
                "type": "Locality",
                "locationInfo": "",
                "latitude": "-35.8732",
                "longitude": "141.6791",
                "localGovernmentArea": "",
                "stateGovernmentRegion": ""
            }],
            "bbox": ""
        },
        "title": "",
        "size": "13.00 Ha.",
        "sizeHa": "",
        "resourceCount": "0",
        "agencyArea": "Wimmera",
        "timeWentSafe": "",
        "agencyId": "1542734",
        "timeSeverity": 1445904780000,
        "color": "#FFF"
    }, {
        "id": "1445832363092",
        "type": "Incident",
        "layerGroup": "Fire",
        "layer": "fire",
        "name": "Bushfire",
        "status": "Under Control",
        "icon": "fire",
        "state": "NSW",
        "agencyShort": "RFS",
        "agency": "NSW Rural Fire Service",
        "agencyUrl": "http:\/\/www.rfs.nsw.gov.au",
        "createdTime": 1445314260000,
        "updatedTime": 1445832363000,
        "htmlFurther": "",
        "severity": "1",
        "geo": {
            "points": [{
                "name": "Bundella - NSW",
                "type": "Locality",
                "locationInfo": "Coolah Tops Np",
                "latitude": "-31.718",
                "longitude": "150.052",
                "localGovernmentArea": "Liverpool Plains",
                "stateGovernmentRegion": "New England"
            }],
            "bbox": ""
        },
        "title": "",
        "size": "Small",
        "sizeHa": "5 Ha",
        "resourceCount": "0",
        "agencyArea": "Liverpool Range Zone",
        "timeWentSafe": "",
        "agencyId": "206612",
        "timeSeverity": 1445832363000,
        "color": "#FFF"
    }, {
        "id": "1445832362593",
        "type": "Incident",
        "layerGroup": "Fire",
        "layer": "fire",
        "name": "Bushfire",
        "status": "Under Control",
        "icon": "fire",
        "state": "NSW",
        "agencyShort": "RFS",
        "agency": "NSW Rural Fire Service",
        "agencyUrl": "http:\/\/www.rfs.nsw.gov.au",
        "createdTime": 1445463480000,
        "updatedTime": 1445832362000,
        "htmlFurther": "",
        "severity": "1",
        "geo": {
            "points": [{
                "name": "Backwater - NSW",
                "type": "Locality",
                "locationInfo": "Back Creek, 30 Km Ne Of Guyra",
                "latitude": "-30.025",
                "longitude": "151.908",
                "localGovernmentArea": "Guyra",
                "stateGovernmentRegion": "New England"
            }],
            "bbox": ""
        },
        "title": "",
        "size": "Large",
        "sizeHa": "313 Ha",
        "resourceCount": "0",
        "agencyArea": "New England Zone",
        "timeWentSafe": "",
        "agencyId": "206748",
        "timeSeverity": 1445832362000,
        "color": "#FFF"
    }, {
        "id": "1445831823275",
        "type": "Incident",
        "layerGroup": "Fire",
        "layer": "fire",
        "name": "Bushfire",
        "status": "Under Control",
        "icon": "fire",
        "state": "NSW",
        "agencyShort": "RFS",
        "agency": "NSW Rural Fire Service",
        "agencyUrl": "http:\/\/www.rfs.nsw.gov.au",
        "createdTime": 1445828340000,
        "updatedTime": 1445831823000,
        "htmlFurther": "",
        "severity": "1",
        "geo": {
            "points": [{
                "name": "Coffs Harbour - NSW",
                "type": "Locality",
                "locationInfo": "Macauleys Headland Walking Trk, Coffs Harbour, Nsw 2450",
                "latitude": "-30.280",
                "longitude": "153.144",
                "localGovernmentArea": "Coffs Harbour",
                "stateGovernmentRegion": "North West Coast"
            }],
            "bbox": ""
        },
        "title": "",
        "size": "Small",
        "sizeHa": "",
        "resourceCount": "0",
        "agencyArea": "Mid North Coast Team",
        "timeWentSafe": "",
        "agencyId": "207102",
        "timeSeverity": 1445831823000,
        "color": "#FFF"
    }, {
        "id": "1445831822638",
        "type": "Incident",
        "layerGroup": "Fire",
        "layer": "fire",
        "name": "Grass Fire",
        "status": "Under Control",
        "icon": "fire",
        "state": "NSW",
        "agencyShort": "RFS",
        "agency": "NSW Rural Fire Service",
        "agencyUrl": "http:\/\/www.rfs.nsw.gov.au",
        "createdTime": 1445821500000,
        "updatedTime": 1445831822000,
        "htmlFurther": "",
        "severity": "1",
        "geo": {
            "points": [{
                "name": "Pretty Pine - NSW",
                "type": "Locality",
                "locationInfo": "Moulamein Rd, 7 Km West Pretty Pine, Nsw 2710",
                "latitude": "-35.398",
                "longitude": "144.806",
                "localGovernmentArea": "Conargo",
                "stateGovernmentRegion": "South West"
            }],
            "bbox": ""
        },
        "title": "",
        "size": "Small",
        "sizeHa": "4 Ha",
        "resourceCount": "0",
        "agencyArea": "Mid Murray Zone",
        "timeWentSafe": "",
        "agencyId": "207080",
        "timeSeverity": 1445831822000,
        "color": "#FFF"
    }, {
        "id": "1445831463332",
        "type": "Incident",
        "layerGroup": "Fire",
        "layer": "fire",
        "name": "Bushfire",
        "status": "Under Control",
        "icon": "fire",
        "state": "NSW",
        "agencyShort": "RFS",
        "agency": "NSW Rural Fire Service",
        "agencyUrl": "http:\/\/www.rfs.nsw.gov.au",
        "createdTime": 1445827380000,
        "updatedTime": 1445831463000,
        "htmlFurther": "",
        "severity": "1",
        "geo": {
            "points": [{
                "name": "Wiagdon - NSW",
                "type": "Locality",
                "locationInfo": "2868 Sofala Rd, Wiagdon, Nsw 2795",
                "latitude": "-33.222",
                "longitude": "149.664",
                "localGovernmentArea": "Bathurst",
                "stateGovernmentRegion": "Central West"
            }],
            "bbox": ""
        },
        "title": "",
        "size": "Small",
        "sizeHa": "",
        "resourceCount": "0",
        "agencyArea": "Chifley Zone",
        "timeWentSafe": "",
        "agencyId": "207096",
        "timeSeverity": 1445831463000,
        "color": "#FFF"
    }, {
        "id": "1445831347853",
        "type": "Incident",
        "layerGroup": "Other",
        "layer": "other",
        "name": "Other",
        "status": "Responding",
        "icon": "fireActive",
        "state": "",
        "agencyShort": "RFS",
        "agency": "NSW Rural Fire Service",
        "agencyUrl": "http:\/\/www.rfs.nsw.gov.au",
        "createdTime": 1445826780000,
        "updatedTime": 1445831347000,
        "htmlFurther": "",
        "severity": 3,
        "geo": {
            "points": [{
                "name": "Unincorporated",
                "type": "Locality",
                "locationInfo": "Reddall Pde, Lake Illawarra, Nsw 2528",
                "latitude": "-34.530",
                "longitude": "150.861",
                "localGovernmentArea": "Wollongong",
                "stateGovernmentRegion": "Illawarra South Coast"
            }],
            "bbox": ""
        },
        "title": "",
        "size": "Small",
        "sizeHa": "",
        "resourceCount": "0",
        "agencyArea": "Illawarra Zone",
        "timeWentSafe": "",
        "agencyId": "207095",
        "timeSeverity": 1445831347000,
        "color": "#FFF"
    }, {
        "id": "1445831342683",
        "type": "Incident",
        "layerGroup": "Fire",
        "layer": "fire",
        "name": "Grass Fire",
        "status": "Under Control",
        "icon": "fire",
        "state": "NSW",
        "agencyShort": "RFS",
        "agency": "NSW Rural Fire Service",
        "agencyUrl": "http:\/\/www.rfs.nsw.gov.au",
        "createdTime": 1445816460000,
        "updatedTime": 1445831342000,
        "htmlFurther": "",
        "severity": "1",
        "geo": {
            "points": [{
                "name": "Long Plain - NSW",
                "type": "Locality",
                "locationInfo": "Port Phillip Trail, Kosciuszko National Park",
                "latitude": "-35.701",
                "longitude": "148.550",
                "localGovernmentArea": "Tumut",
                "stateGovernmentRegion": "South Eastern"
            }],
            "bbox": ""
        },
        "title": "",
        "size": "Small",
        "sizeHa": "",
        "resourceCount": "0",
        "agencyArea": "Riverina Highlands Zone",
        "timeWentSafe": "",
        "agencyId": "207076",
        "timeSeverity": 1445831342000,
        "color": "#FFF"
    }, {
        "id": "1445829087280",
        "type": "Incident",
        "layerGroup": "Fire",
        "layer": "fire",
        "name": "Building Fire",
        "status": "Responding",
        "icon": "fireActive",
        "state": "NSW",
        "agencyShort": "RFS",
        "agency": "NSW Rural Fire Service",
        "agencyUrl": "http:\/\/www.rfs.nsw.gov.au",
        "createdTime": 1445826000000,
        "updatedTime": 1445829087000,
        "htmlFurther": "",
        "severity": 3,
        "geo": {
            "points": [{
                "name": "Culburra Beach - NSW",
                "type": "Locality",
                "locationInfo": "36 Silvermere St, Culburra Beach, Nsw 2540",
                "latitude": "-34.936",
                "longitude": "150.770",
                "localGovernmentArea": "Shoalhaven",
                "stateGovernmentRegion": "Illawarra South Coast"
            }],
            "bbox": ""
        },
        "title": "",
        "size": "Small",
        "sizeHa": "",
        "resourceCount": "0",
        "agencyArea": "Shoalhaven District",
        "timeWentSafe": "",
        "agencyId": "207091",
        "timeSeverity": 1445829087000,
        "color": "#FFF"
    }, {
        "id": "1445829067505",
        "type": "Incident",
        "layerGroup": "Fire",
        "layer": "fire",
        "name": "Bushfire",
        "status": "Responding",
        "icon": "fireActive",
        "state": "NSW",
        "agencyShort": "RFS",
        "agency": "NSW Rural Fire Service",
        "agencyUrl": "http:\/\/www.rfs.nsw.gov.au",
        "createdTime": 1445820300000,
        "updatedTime": 1445829067000,
        "htmlFurther": "",
        "severity": 3,
        "geo": {
            "points": [{
                "name": "Bookram - NSW",
                "type": "Locality",
                "locationInfo": "-29.778348   153.205921",
                "latitude": "-29.779",
                "longitude": "153.207",
                "localGovernmentArea": "Clarence Valley",
                "stateGovernmentRegion": "North West Coast"
            }],
            "bbox": ""
        },
        "title": "",
        "size": "Small",
        "sizeHa": "5 Ha",
        "resourceCount": "0",
        "agencyArea": "Clarence Valley District",
        "timeWentSafe": "",
        "agencyId": "207094",
        "timeSeverity": 1445829067000,
        "color": "#FFF"
    }, {
        "id": "1445829065042",
        "type": "Incident",
        "layerGroup": "Fire",
        "layer": "fire",
        "name": "Grass Fire",
        "status": "Under Control",
        "icon": "fire",
        "state": "NSW",
        "agencyShort": "RFS",
        "agency": "NSW Rural Fire Service",
        "agencyUrl": "http:\/\/www.rfs.nsw.gov.au",
        "createdTime": 1445827200000,
        "updatedTime": 1445829064000,
        "htmlFurther": "",
        "severity": "1",
        "geo": {
            "points": [{
                "name": "Boggabilla - NSW",
                "type": "Locality",
                "locationInfo": "Brown St, Boggabilla, Nsw 2409",
                "latitude": "-28.602",
                "longitude": "150.361",
                "localGovernmentArea": "Moree Plains",
                "stateGovernmentRegion": "New England"
            }],
            "bbox": ""
        },
        "title": "",
        "size": "Small",
        "sizeHa": "",
        "resourceCount": "0",
        "agencyArea": "Namoi \/ Gwydir Team",
        "timeWentSafe": "",
        "agencyId": "207090",
        "timeSeverity": 1445829064000,
        "color": "#FFF"
    }, {
        "id": "1445787662965",
        "type": "Incident",
        "layerGroup": "Fire",
        "layer": "fire",
        "name": "Building Fire",
        "status": "Under Control",
        "icon": "fire",
        "state": "NSW",
        "agencyShort": "RFS",
        "agency": "NSW Rural Fire Service",
        "agencyUrl": "http:\/\/www.rfs.nsw.gov.au",
        "createdTime": 1445770380000,
        "updatedTime": 1445787662000,
        "htmlFurther": "",
        "severity": "1",
        "geo": {
            "points": [{
                "name": "Thirlmere - NSW",
                "type": "Locality",
                "locationInfo": "Barbour Rd, Thirlmere, Nsw 2572",
                "latitude": "-34.205",
                "longitude": "150.571",
                "localGovernmentArea": "Wollondilly",
                "stateGovernmentRegion": "South West Metropolitan"
            }],
            "bbox": ""
        },
        "title": "",
        "size": "Small",
        "sizeHa": "",
        "resourceCount": "0",
        "agencyArea": "Wollondilly District",
        "timeWentSafe": "",
        "agencyId": "207046",
        "timeSeverity": 1445787662000,
        "color": "#FFF"
    }, {
        "id": "1445778303266",
        "type": "Incident",
        "layerGroup": "Other",
        "layer": "other",
        "name": "Other",
        "status": "Under Control",
        "icon": "fire",
        "state": "NSW",
        "agencyShort": "RFS",
        "agency": "NSW Rural Fire Service",
        "agencyUrl": "http:\/\/www.rfs.nsw.gov.au",
        "createdTime": 1445772780000,
        "updatedTime": 1445778303000,
        "htmlFurther": "",
        "severity": "1",
        "geo": {
            "points": [{
                "name": "Tottenham - NSW",
                "type": "Locality",
                "locationInfo": "Tottenham",
                "latitude": "-32.234",
                "longitude": "147.354",
                "localGovernmentArea": "Lachlan",
                "stateGovernmentRegion": "Central West"
            }],
            "bbox": ""
        },
        "title": "",
        "size": "Small",
        "sizeHa": "",
        "resourceCount": "0",
        "agencyArea": "Mid Lachlan Valley Team",
        "timeWentSafe": "",
        "agencyId": "207047",
        "timeSeverity": 1445778303000,
        "color": "#FFF"
    }, {
        "id": "1445749684650",
        "type": "Incident",
        "layerGroup": "Planned Burn",
        "layer": "plannedburn",
        "name": "Planned Burn",
        "status": "Patrolled",
        "icon": "plannedBurn",
        "state": "NSW",
        "agencyShort": "RFS",
        "agency": "NSW Rural Fire Service",
        "agencyUrl": "http:\/\/www.rfs.nsw.gov.au",
        "createdTime": 1445749080000,
        "updatedTime": 1445749684000,
        "htmlFurther": "",
        "severity": "1",
        "geo": {
            "points": [{
                "name": "Coonabarabran - NSW",
                "type": "Locality",
                "locationInfo": "149.326, -31.294",
                "latitude": "-31.286",
                "longitude": "149.308",
                "localGovernmentArea": "Warrumbungle",
                "stateGovernmentRegion": "Central West"
            }],
            "bbox": ""
        },
        "title": "",
        "size": "Small",
        "sizeHa": "4 Ha",
        "resourceCount": "0",
        "agencyArea": "Castlereagh Zone",
        "timeWentSafe": "",
        "agencyId": "207001",
        "timeSeverity": -1,
        "color": "#FFF"
    }, {
        "id": "1445746745503",
        "type": "Incident",
        "layerGroup": "Planned Burn",
        "layer": "plannedburn",
        "name": "Planned Burn",
        "status": "Patrolled",
        "icon": "plannedBurn",
        "state": "NSW",
        "agencyShort": "RFS",
        "agency": "NSW Rural Fire Service",
        "agencyUrl": "http:\/\/www.rfs.nsw.gov.au",
        "createdTime": 1445734800000,
        "updatedTime": 1445746745000,
        "htmlFurther": "",
        "severity": "1",
        "geo": {
            "points": [{
                "name": "Central Mangrove - NSW",
                "type": "Locality",
                "locationInfo": "1532 Wiseman's Ferry Rd Central Mangrove",
                "latitude": "-33.308",
                "longitude": "151.261",
                "localGovernmentArea": "Gosford",
                "stateGovernmentRegion": "Hunter Central Coast"
            }],
            "bbox": ""
        },
        "title": "",
        "size": "Small",
        "sizeHa": "1 Ha",
        "resourceCount": "0",
        "agencyArea": "Gosford District",
        "timeWentSafe": "",
        "agencyId": "206992",
        "timeSeverity": -1,
        "color": "#FFF"
    }, {
        "id": "1445656145844",
        "type": "Incident",
        "layerGroup": "Planned Burn",
        "layer": "plannedburn",
        "name": "Planned Burn",
        "status": "Patrolled",
        "icon": "plannedBurn",
        "state": "NSW",
        "agencyShort": "RFS",
        "agency": "NSW Rural Fire Service",
        "agencyUrl": "http:\/\/www.rfs.nsw.gov.au",
        "createdTime": 1445655960000,
        "updatedTime": 1445656145000,
        "htmlFurther": "",
        "severity": "1",
        "geo": {
            "points": [{
                "name": "Cundletown - NSW",
                "type": "Locality",
                "locationInfo": "Taree Airport, Taree",
                "latitude": "-31.890",
                "longitude": "152.509",
                "localGovernmentArea": "Greater Taree",
                "stateGovernmentRegion": "North West Coast"
            }],
            "bbox": ""
        },
        "title": "",
        "size": "Small",
        "sizeHa": "",
        "resourceCount": "0",
        "agencyArea": "Manning Team",
        "timeWentSafe": "",
        "agencyId": "202773",
        "timeSeverity": -1,
        "color": "#FFF"
    }, {
        "id": "1445577243467",
        "type": "Incident",
        "layerGroup": "Planned Burn",
        "layer": "plannedburn",
        "name": "Planned Burn",
        "status": "Patrolled",
        "icon": "plannedBurn",
        "state": "NSW",
        "agencyShort": "RFS",
        "agency": "NSW Rural Fire Service",
        "agencyUrl": "http:\/\/www.rfs.nsw.gov.au",
        "createdTime": 1445378340000,
        "updatedTime": 1445577243000,
        "htmlFurther": "",
        "severity": "1",
        "geo": {
            "points": [{
                "name": "Yalwal - NSW",
                "type": "Locality",
                "locationInfo": "Yalwal Rd, Yalwal, Nsw 2540",
                "latitude": "-34.918",
                "longitude": "150.426",
                "localGovernmentArea": "Shoalhaven",
                "stateGovernmentRegion": "Illawarra South Coast"
            }],
            "bbox": ""
        },
        "title": "",
        "size": "Medium",
        "sizeHa": "22 Ha",
        "resourceCount": "0",
        "agencyArea": "Shoalhaven District",
        "timeWentSafe": "",
        "agencyId": "206673",
        "timeSeverity": -1,
        "color": "#FFF"
    }, {
        "id": "1445428024188",
        "type": "Incident",
        "layerGroup": "Fire",
        "layer": "fire",
        "name": "Bushfire",
        "status": "Under Control",
        "icon": "fire",
        "state": "NSW",
        "agencyShort": "RFS",
        "agency": "NSW Rural Fire Service",
        "agencyUrl": "http:\/\/www.rfs.nsw.gov.au",
        "createdTime": 1445387820000,
        "updatedTime": 1445428024000,
        "htmlFurther": "",
        "severity": "1",
        "geo": {
            "points": [{
                "name": "Currowan - NSW",
                "type": "Locality",
                "locationInfo": "Western Distributor Rd, Currowan, Nsw 2536",
                "latitude": "-35.542",
                "longitude": "150.026",
                "localGovernmentArea": "Shoalhaven",
                "stateGovernmentRegion": "Illawarra South Coast"
            }],
            "bbox": ""
        },
        "title": "",
        "size": "Small",
        "sizeHa": "5 Ha",
        "resourceCount": "0",
        "agencyArea": "Shoalhaven District",
        "timeWentSafe": "",
        "agencyId": "206684",
        "timeSeverity": 1445428024000,
        "color": "#FFF"
    }, {
        "id": "1444719303706",
        "type": "Incident",
        "layerGroup": "Fire",
        "layer": "fire",
        "name": "Bushfire",
        "status": "Under Control",
        "icon": "fire",
        "state": "NSW",
        "agencyShort": "RFS",
        "agency": "NSW Rural Fire Service",
        "agencyUrl": "http:\/\/www.rfs.nsw.gov.au",
        "createdTime": 1444185720000,
        "updatedTime": 1444719303000,
        "htmlFurther": "",
        "severity": "1",
        "geo": {
            "points": [{
                "name": "Bakers Creek - NSW",
                "type": "Locality",
                "locationInfo": "Collombatti State Forest",
                "latitude": "-30.861",
                "longitude": "152.680",
                "localGovernmentArea": "Nambucca",
                "stateGovernmentRegion": "North West Coast"
            }],
            "bbox": ""
        },
        "title": "",
        "size": "Large",
        "sizeHa": "60 Ha",
        "resourceCount": "0",
        "agencyArea": "Lower North Coast Team",
        "timeWentSafe": "",
        "agencyId": "205292",
        "timeSeverity": 1444719303000,
        "color": "#FFF"
    }, {
        "id": "1444284011328",
        "type": "Incident",
        "layerGroup": "Other",
        "layer": "other",
        "name": "Other",
        "status": "Under Control",
        "icon": "fire",
        "state": "NSW",
        "agencyShort": "RFS",
        "agency": "NSW Rural Fire Service",
        "agencyUrl": "http:\/\/www.rfs.nsw.gov.au",
        "createdTime": 1444266480000,
        "updatedTime": 1444284011000,
        "htmlFurther": "",
        "severity": "1",
        "geo": {
            "points": [{
                "name": "Hillston - NSW",
                "type": "Locality",
                "locationInfo": "Roto Rd, Hillston, Nsw 2675",
                "latitude": "-33.375",
                "longitude": "145.563",
                "localGovernmentArea": "Carrathool",
                "stateGovernmentRegion": "South West"
            }],
            "bbox": ""
        },
        "title": "",
        "size": "Small",
        "sizeHa": "",
        "resourceCount": "0",
        "agencyArea": "Mid West Team",
        "timeWentSafe": "",
        "agencyId": "205401",
        "timeSeverity": 1444284011000,
        "color": "#FFF"
    }, {
        "id": "1444278380795",
        "type": "Incident",
        "layerGroup": "Planned Burn",
        "layer": "plannedburn",
        "name": "Planned Burn",
        "status": "Patrolled",
        "icon": "plannedBurn",
        "state": "VIC",
        "agencyShort": "DELWP",
        "agency": null,
        "agencyUrl": null,
        "createdTime": 1443577808000,
        "updatedTime": 1444278099000,
        "htmlFurther": "",
        "severity": "1",
        "geo": {
            "points": [{
                "name": "10 Km Wnw Lancefield",
                "type": "Locality",
                "locationInfo": "",
                "latitude": "-37.2393",
                "longitude": "144.6551",
                "localGovernmentArea": "",
                "stateGovernmentRegion": ""
            }],
            "bbox": ""
        },
        "title": "",
        "size": "266 Ha.",
        "sizeHa": "",
        "resourceCount": "0",
        "agencyArea": "Central",
        "timeWentSafe": "",
        "agencyId": "805973",
        "timeSeverity": -1,
        "color": "#FFF"
    }, {
        "id": "1444089542382",
        "type": "Incident",
        "layerGroup": "Fire",
        "layer": "fire",
        "name": "Bushfire",
        "status": "Under Control",
        "icon": "fire",
        "state": "VIC",
        "agencyShort": "DELWP",
        "agency": null,
        "agencyUrl": null,
        "createdTime": 1443494700000,
        "updatedTime": 1444088700000,
        "htmlFurther": "",
        "severity": "330",
        "geo": {
            "points": [{
                "name": "4km Ne Of Giffard West",
                "type": "Locality",
                "locationInfo": "",
                "latitude": "-38.3414",
                "longitude": "147.0011",
                "localGovernmentArea": "",
                "stateGovernmentRegion": ""
            }],
            "bbox": ""
        },
        "title": "",
        "size": "1.00 Ha.",
        "sizeHa": "",
        "resourceCount": "7",
        "agencyArea": "West And South Gippsland",
        "timeWentSafe": "",
        "agencyId": "1538167",
        "timeSeverity": 1444088700000,
        "color": "#FFF"
    }, {
        "id": "1443681362422",
        "type": "Incident",
        "layerGroup": "Planned Burn",
        "layer": "plannedburn",
        "name": "Planned Burn",
        "status": "Patrolled",
        "icon": "plannedBurn",
        "state": "VIC",
        "agencyShort": "DELWP",
        "agency": null,
        "agencyUrl": null,
        "createdTime": 1400204685000,
        "updatedTime": 1443681229000,
        "htmlFurther": "",
        "severity": "1",
        "geo": {
            "points": [{
                "name": "6km Sw Stradbroke",
                "type": "Locality",
                "locationInfo": "",
                "latitude": "-38.3396",
                "longitude": "146.9943",
                "localGovernmentArea": "",
                "stateGovernmentRegion": ""
            }],
            "bbox": ""
        },
        "title": "",
        "size": "216 Ha.",
        "sizeHa": "",
        "resourceCount": "0",
        "agencyArea": "West And South Gippsland",
        "timeWentSafe": "",
        "agencyId": "704640",
        "timeSeverity": -1,
        "color": "#FFF"
    }]
}
