{
    "results": [{
        "incidentNo": 207960,
        "lastUpdateDateTime": "04/11/2015 16:17:00",
        "originDateTime": "04/11/2015 15:41:00",
        "incidentType": "TREE DOWN",
        "incidentLocation": "LANGWARRIN",
        "incidentStatus": "Request for Assistance",
        "incidentSize": "SMALL",
        "name": "1 MARGARET ST",
        "territory": "SES",
        "resourceCount": 1,
        "latitude": -38.15525220746893,
        "longitude": 145.18625512969143,
        "eventCode": "TREE DOWN",
        "fireDistrict": "",
        "municipality": "",
        "category1": "Tree Down",
        "category2": "Tree Down",
        "feedType": "incident",
        "agency": "SES",
        "originStatus": "NEW",
        "createdDt": null,
        "lastUpdatedDt": 1446614220000,
        "lastUpdatedDtStr": "Wed 04 Nov 04:17 PM",
        "originDateTimeStr": "Wed 04 Nov 03:41 PM",
        "catg1CssClass": null,
        "incidentSizeFmt": "Small",
        "type": "incident"
    }, {
        "incidentNo": 207963,
        "lastUpdateDateTime": "04/11/2015 16:17:00",
        "originDateTime": "04/11/2015 16:06:00",
        "incidentType": "TREE DOWN TRAFFIC HAZ",
        "incidentLocation": "BUNDALONG",
        "incidentStatus": "Complete",
        "incidentSize": "SMALL",
        "name": "MURRAY VALLEY HWY",
        "territory": "SES",
        "resourceCount": 0,
        "latitude": -36.02644503363642,
        "longitude": 146.1547587654062,
        "eventCode": "TREE DOWN TRAFFIC HAZ",
        "fireDistrict": "",
        "municipality": "",
        "category1": "Tree Down Traffic Hazard",
        "category2": "Tree Down Traffic Hazard",
        "feedType": "incident",
        "agency": "SES",
        "originStatus": "CLEAR",
        "createdDt": null,
        "lastUpdatedDt": 1446614220000,
        "lastUpdatedDtStr": "Wed 04 Nov 04:17 PM",
        "originDateTimeStr": "Wed 04 Nov 04:06 PM",
        "catg1CssClass": null,
        "incidentSizeFmt": "Small",
        "type": "incident"
    }, {
        "incidentNo": 207962,
        "lastUpdateDateTime": "04/11/2015 16:10:00",
        "originDateTime": "04/11/2015 15:50:00",
        "incidentType": "RESC ROAD TRAP",
        "incidentLocation": "KENNINGTON",
        "incidentStatus": "Complete",
        "incidentSize": "SMALL",
        "name": "CONDON ST",
        "territory": "SES",
        "resourceCount": 0,
        "latitude": -36.7733856679937,
        "longitude": 144.3056562540538,
        "eventCode": "RESC ROAD TRAP",
        "fireDistrict": "",
        "municipality": "",
        "category1": "Rescue",
        "category2": "Rescue Road Trap",
        "feedType": "incident",
        "agency": "SES",
        "originStatus": "CLEAR",
        "createdDt": null,
        "lastUpdatedDt": 1446613800000,
        "lastUpdatedDtStr": "Wed 04 Nov 04:10 PM",
        "originDateTimeStr": "Wed 04 Nov 03:50 PM",
        "catg1CssClass": null,
        "incidentSizeFmt": "Small",
        "type": "incident"
    }, {
        "incidentNo": 207964,
        "lastUpdateDateTime": "04/11/2015 16:09:00",
        "originDateTime": "04/11/2015 16:07:00",
        "incidentType": "TREE DOWN",
        "incidentLocation": "BERWICK",
        "incidentStatus": "Request for Assistance",
        "incidentSize": "SMALL",
        "name": "74 INGLIS RD",
        "territory": "SES",
        "resourceCount": 0,
        "latitude": -38.02626743786509,
        "longitude": 145.36561699766062,
        "eventCode": "TREE DOWN",
        "fireDistrict": "",
        "municipality": "",
        "category1": "Tree Down",
        "category2": "Tree Down",
        "feedType": "incident",
        "agency": "SES",
        "originStatus": "NEW",
        "createdDt": null,
        "lastUpdatedDt": 1446613740000,
        "lastUpdatedDtStr": "Wed 04 Nov 04:09 PM",
        "originDateTimeStr": "Wed 04 Nov 04:07 PM",
        "catg1CssClass": null,
        "incidentSizeFmt": "Small",
        "type": "incident"
    }, {
        "incidentNo": 207961,
        "lastUpdateDateTime": "04/11/2015 15:51:00",
        "originDateTime": "04/11/2015 15:45:00",
        "incidentType": "BUILDING DAMAGE",
        "incidentLocation": "WAAIA",
        "incidentStatus": "Complete",
        "incidentSize": "SMALL",
        "name": "746 CENTRE RD",
        "territory": "SES",
        "resourceCount": 0,
        "latitude": -36.038617766775765,
        "longitude": 145.28586176644737,
        "eventCode": "BUILDING DAMAGE",
        "fireDistrict": "",
        "municipality": "",
        "category1": "Building Damage",
        "category2": "Building Damage",
        "feedType": "incident",
        "agency": "SES",
        "originStatus": "CLEAR",
        "createdDt": null,
        "lastUpdatedDt": 1446612660000,
        "lastUpdatedDtStr": "Wed 04 Nov 03:51 PM",
        "originDateTimeStr": "Wed 04 Nov 03:45 PM",
        "catg1CssClass": null,
        "incidentSizeFmt": "Small",
        "type": "incident"
    }, {
        "incidentNo": 207959,
        "lastUpdateDateTime": "04/11/2015 15:49:00",
        "originDateTime": "04/11/2015 15:10:00",
        "incidentType": "TREE DOWN",
        "incidentLocation": "TEMPLESTOWE LOWER",
        "incidentStatus": "Request for Assistance",
        "incidentSize": "SMALL",
        "name": "10 HOWITT DR",
        "territory": "SES",
        "resourceCount": 1,
        "latitude": -37.7670154269359,
        "longitude": 145.11073984471145,
        "eventCode": "TREE DOWN",
        "fireDistrict": "",
        "municipality": "",
        "category1": "Tree Down",
        "category2": "Tree Down",
        "feedType": "incident",
        "agency": "SES",
        "originStatus": "NEW",
        "createdDt": null,
        "lastUpdatedDt": 1446612540000,
        "lastUpdatedDtStr": "Wed 04 Nov 03:49 PM",
        "originDateTimeStr": "Wed 04 Nov 03:10 PM",
        "catg1CssClass": null,
        "incidentSizeFmt": "Small",
        "type": "incident"
    }, {
        "incidentNo": 207946,
        "lastUpdateDateTime": "04/11/2015 12:48:00",
        "originDateTime": "04/11/2015 12:16:00",
        "incidentType": "TREE DOWN",
        "incidentLocation": "PEARCEDALE",
        "incidentStatus": "Request for Assistance",
        "incidentSize": "SMALL",
        "name": "105 SMITHS LANE",
        "territory": "SES",
        "resourceCount": 1,
        "latitude": -38.185770972364395,
        "longitude": 145.25681165719345,
        "eventCode": "TREE DOWN",
        "fireDistrict": "",
        "municipality": "",
        "category1": "Tree Down",
        "category2": "Tree Down",
        "feedType": "incident",
        "agency": "SES",
        "originStatus": "NEW",
        "createdDt": null,
        "lastUpdatedDt": 1446601680000,
        "lastUpdatedDtStr": "Wed 04 Nov 12:48 PM",
        "originDateTimeStr": "Wed 04 Nov 12:16 PM",
        "catg1CssClass": null,
        "incidentSizeFmt": "Small",
        "type": "incident"
    }]
}
