<?xml version="1.0" encoding="UTF-8"?><Messages><generatedTime>Wed, 4 Nov 2015 05:00:54 GMT</generatedTime><publicListLink>https://ses.secure.whispir.com/pub/publicHome.pub?hash=allregions</publicListLink><feedName>All Regions</feedName><feedHash>allregions</feedHash><Message>
    <messageId>19079464</messageId>
    <subject>Severe Thunderstorm Warning for Damaging Winds, Heavy Rain, Large Hailstones for the Mallee and parts of the Wimmera Districts</subject>
    <sentTime>Wed, 4 Nov 2015 05:00:52 GMT</sentTime>
    <sentTimeShort>November 04, 2015 05:00:52</sentTimeShort>
    <serverSentTime>04/11/15 04:00:52 PM</serverSentTime>
    <formattedLongDateTime>04:00 PM Wednesday, 04 November 2015</formattedLongDateTime>
    <formattedLongDate>Wednesday, 04 November 2015</formattedLongDate>
    <formattedTime>04:00 PM</formattedTime>
    <emailBool>true</emailBool>
    <emailType>text/html</emailType>
    <emailBody>&lt;div style="font-family: Tahoma, Arial, sans-serif;" class="lineBreakFake"&gt;
&lt;div style="font-family: Tahoma, Arial, sans-serif;" class="lineBreakFake" align="center"&gt;&lt;font class="Apple-style-span" size="2"&gt;&lt;img src="http://service.whispir.com/images/logo-ses.png" width="107" height="170"&gt; &lt;/font&gt;&lt;/div&gt;
&lt;div style="font-family: Tahoma, Arial, sans-serif;" class="lineBreakFake" align="center"&gt;&lt;font size="2"&gt;&lt;br&gt;&lt;/font&gt;&lt;/div&gt;
&lt;div style="text-align: center; font-family: Tahoma, Arial, sans-serif; font-weight: bold;"&gt;&lt;font class="Apple-style-span" size="5"&gt;Severe Thunderstorm Warning for Damaging Winds, Heavy Rain, Large Hailstones for the Mallee and parts of the Wimmera Districts&lt;/font&gt; &lt;/div&gt;&lt;font class="Apple-style-span" size="2"&gt;
&lt;div style="font-family: Tahoma, Arial, sans-serif;"&gt;&lt;br&gt;&lt;font class="Apple-style-span" size="2"&gt;&lt;strong&gt;Effective Date: &lt;/strong&gt;04/11/15 3:45 PM &lt;br&gt;&lt;strong&gt;Expiry Date: &lt;/strong&gt;04/11/15 7:25 PM&amp;nbsp; &lt;br&gt;&lt;br&gt;&lt;b&gt;Current Situation&lt;/b&gt; &lt;/font&gt;&lt;/div&gt;&lt;font class="Apple-style-span" size="2"&gt;
&lt;p style="font-family: Tahoma, Arial, sans-serif;"&gt;&lt;/p&gt;&lt;div style="font-family: Tahoma, Arial, sans-serif; font-size: 11px;" class="lineBreakFake"&gt;&lt;font size="2"&gt;&lt;/font&gt;&lt;span style="color: rgb(0, 0, 0); font-family: arial, sans-serif; font-size: 13.3333px; line-height: normal;"&gt;Severe thunderstorms are likely to produce damaging winds and heavy rainfall that may lead to flash flooding and large hailstones over the next several hours. Locations which may be affected include Mildura, Ouyen, Swan Hill, Murrayville, Rainbow and Walpeup.&lt;/span&gt;&lt;span style="color: rgb(0, 0, 0); font-family: arial, sans-serif; font-size: 13.3333px; line-height: normal;"&gt;&amp;nbsp;&lt;/span&gt;&lt;/div&gt;&lt;p style="font-family: arial, sans-serif; font-size: 13.3333px; margin: 5px; color: rgb(0, 0, 0); line-height: normal;"&gt;&lt;br&gt;&lt;/p&gt;&lt;p style="font-family: arial, sans-serif; font-size: 13.3333px; margin: 5px; color: rgb(0, 0, 0); line-height: normal;"&gt;&lt;/p&gt;&lt;p&gt;&lt;/p&gt;
&lt;div style="font-family: Tahoma, Arial, sans-serif;"&gt;&lt;b&gt;Potential Impact In Your Area&lt;/b&gt; &lt;/div&gt;
&lt;p style="font-family: Tahoma, Arial, sans-serif;"&gt;The potential local impact of this severe weather in your area may include: &lt;/p&gt;
&lt;div style="font-family: Tahoma, Arial, sans-serif;"&gt;&lt;font class="Apple-style-span" size="2"&gt;&lt;font size="2"&gt;&lt;ul&gt;&lt;li&gt;Building Damage&lt;/li&gt;&lt;li&gt;Fallen Power Lines&lt;/li&gt;&lt;li&gt;Fallen Trees and Branches&lt;/li&gt;&lt;li&gt;Flash Flooding&lt;/li&gt;&lt;li&gt;Landslips&lt;/li&gt;&lt;li&gt;Overflowing drains and gutters&lt;/li&gt;&lt;li&gt;Broken Windows&lt;/li&gt;&lt;li&gt;Damage to vehicles&lt;/li&gt;&lt;/ul&gt;&lt;/font&gt;&lt;b&gt;What&amp;nbsp;You Should Do&amp;nbsp;&lt;/b&gt; &lt;br&gt;&lt;font size="2"&gt;&lt;ul&gt;&lt;li&gt;&lt;b&gt;Act Quickly - conditions can change rapidly&lt;/b&gt;&lt;/li&gt;&lt;li&gt;Check that loose items such as outdoor settings, umbrellas and trampolines are safely secured&lt;/li&gt;&lt;li&gt;Stay indoors and away from windows&lt;/li&gt;&lt;li&gt;Park your car undercover and away from trees&lt;/li&gt;&lt;li&gt;Keep clear of fallen trees and power lines&lt;/li&gt;&lt;li&gt;Be prepared for power outages&lt;/li&gt;&lt;li&gt;If it is safe to do so, check gutters, downpipes and drains are not blocked&lt;/li&gt;&lt;li&gt;If outdoors, shelter away from drains, gutters, creeks and waterways&lt;/li&gt;&lt;li&gt;Floodwater is toxic - never play or swim in floodwater&lt;/li&gt;&lt;li&gt;Floodwater is dangerous - never drive, walk or ride through floodwater&lt;/li&gt;&lt;/ul&gt;&lt;/font&gt;&lt;b&gt;Emergency Contacts&lt;/b&gt; &lt;br&gt;&lt;/font&gt;&lt;font class="Apple-style-span" size="2"&gt;&lt;font size="2"&gt;
&lt;div style="font-family: Tahoma, Arial, sans-serif; font-size: 13px;" class="lineBreakFake"&gt;
&lt;ul&gt;
&lt;li&gt;For flood or storm emergency assistance from SES call 132 500&amp;nbsp; &lt;/li&gt;
&lt;li&gt;For life-threatening emergencies call Triple Zero (000)&lt;/li&gt;&lt;/ul&gt;&lt;/div&gt;&lt;/font&gt;&lt;b&gt;Additional Information &lt;/b&gt;&lt;br&gt;&lt;/font&gt;&lt;/div&gt;
&lt;div style="font-family: Tahoma, Arial, sans-serif;"&gt;&lt;font class="Apple-style-span" size="2"&gt;&lt;/font&gt;&lt;/div&gt;
&lt;div style="font-family: Tahoma, Arial, sans-serif;"&gt;&lt;font class="Apple-style-span" size="2"&gt;&lt;table style="margin: 0px; padding: 2px; border: 0px currentColor; font-family: Tahoma, Arial, sans-serif; font-size: 100%; vertical-align: baseline; border-collapse: collapse; border-spacing: 0;" border="0" cellspacing="0" cellpadding="0" width="580"&gt;
&lt;tbody&gt;
&lt;tr&gt;
&lt;td&gt;&lt;font size="2"&gt;Road Closures:&lt;/font&gt;&lt;/td&gt;
&lt;td&gt;&lt;font size="2"&gt;&lt;a href="http://traffic.vicroads.vic.gov.au/" target="_top"&gt;vicroads.vic.gov.au&lt;/a&gt;&lt;/font&gt;&lt;/td&gt;
&lt;td&gt;&lt;font size="2"&gt;phone 131 170&lt;/font&gt;&lt;/td&gt;&lt;/tr&gt;
&lt;tr&gt;
&lt;td&gt;&lt;font size="2"&gt;Storm Warnings and Information:&lt;/font&gt;&lt;/td&gt;
&lt;td&gt;&lt;font size="2"&gt;&lt;a href="http://www.bom.gov.au/vic/warnings" target="_top"&gt;bom.gov.au&lt;/a&gt;&lt;/font&gt;&lt;/td&gt;
&lt;td&gt;&lt;font size="2"&gt;phone 1300 659 217&lt;/font&gt;&lt;/td&gt;&lt;/tr&gt;
&lt;tr&gt;
&lt;td&gt;&lt;font size="2"&gt;SES Information:&lt;/font&gt;&lt;/td&gt;
&lt;td&gt;&lt;font size="2"&gt;&lt;a href="http://www.ses.vic.gov.au/" target="_top"&gt;ses.vic.gov.au&lt;/a&gt;&lt;/font&gt;&lt;/td&gt;&lt;td&gt;&lt;br&gt;&lt;/td&gt;&lt;/tr&gt;&lt;/tbody&gt;&lt;/table&gt;&lt;br&gt;&lt;br&gt;&lt;/font&gt;&lt;font class="Apple-style-span" size="2"&gt;&lt;b&gt;Issued By&lt;/b&gt; &lt;br&gt;Victoria State Emergency Service &lt;/font&gt;&lt;font class="Apple-style-span" size="2"&gt;&lt;/font&gt;&lt;/div&gt;&lt;/font&gt;&lt;/font&gt;&lt;/div&gt;</emailBody>
    <emailFooter/>
    <voiceBool>false</voiceBool>
    <webBool>true</webBool>
    <webType>text/html</webType>
    <webHeader>Severe Thunderstorm</webHeader>
    <webBody>&lt;div style="font-family: Tahoma, Arial, sans-serif;" class="lineBreakFake"&gt;
&lt;div style="font-family: Tahoma, Arial, sans-serif;" class="lineBreakFake" align="center"&gt;&lt;font class="Apple-style-span" size="2"&gt;&lt;/font&gt;&lt;font size="2"&gt;&lt;br&gt;&lt;/font&gt;&amp;nbsp;&lt;/div&gt;
&lt;div style="text-align: center; font-family: Tahoma, Arial, sans-serif; font-weight: bold;"&gt;&lt;font class="Apple-style-span" size="5"&gt;Severe Thunderstorm Warning for Damaging Winds, Heavy Rain, Large Hailstones for the Mallee and parts of the Wimmera Districts&lt;/font&gt; &lt;/div&gt;&lt;font class="Apple-style-span" size="2"&gt;
&lt;div style="font-family: Tahoma, Arial, sans-serif;"&gt;&lt;br&gt;&lt;font class="Apple-style-span" size="2"&gt;&lt;strong&gt;Effective Date: &lt;/strong&gt;04/11/15 3:45 PM &lt;br&gt;&lt;strong&gt;Expiry Date: &lt;/strong&gt;04/11/15 7:25 PM&amp;nbsp; &lt;br&gt;&lt;br&gt;&lt;b&gt;Current Situation&lt;/b&gt; &lt;/font&gt;&lt;/div&gt;&lt;font class="Apple-style-span" size="2"&gt;
&lt;p style="font-family: Tahoma, Arial, sans-serif;"&gt;&lt;div style="font-family: Tahoma, Arial, sans-serif; font-size: 11px;" class="lineBreakFake"&gt;&lt;font size="2"&gt;&lt;/font&gt;&lt;span style="color: rgb(0, 0, 0); font-family: arial, sans-serif; font-size: 13.3333px; line-height: normal;"&gt;Severe thunderstorms are likely to produce damaging winds and heavy rainfall that may lead to flash flooding and large hailstones over the next several hours. Locations which may be affected include Mildura, Ouyen, Swan Hill, Murrayville, Rainbow and Walpeup.&lt;/span&gt;&lt;span style="color: rgb(0, 0, 0); font-family: arial, sans-serif; font-size: 13.3333px; line-height: normal;"&gt;&amp;nbsp;&lt;/span&gt;&lt;/div&gt;&lt;p style="font-family: arial, sans-serif; font-size: 13.3333px; margin: 5px; color: rgb(0, 0, 0); line-height: normal;"&gt;&lt;br&gt;&lt;/p&gt;&lt;p style="font-family: arial, sans-serif; font-size: 13.3333px; margin: 5px; color: rgb(0, 0, 0); line-height: normal;"&gt;&lt;/p&gt;&lt;/p&gt;
&lt;div style="font-family: Tahoma, Arial, sans-serif;"&gt;&lt;b&gt;Potential Impact In Your Area&lt;/b&gt; &lt;/div&gt;
&lt;p style="font-family: Tahoma, Arial, sans-serif;"&gt;The potential local impact of this severe weather in your area may include: &lt;/p&gt;
&lt;div style="font-family: Tahoma, Arial, sans-serif;"&gt;&lt;font class="Apple-style-span" size="2"&gt;&lt;font size="2"&gt;&lt;ul&gt;&lt;li&gt;Building Damage&lt;/li&gt;&lt;li&gt;Fallen Power Lines&lt;/li&gt;&lt;li&gt;Fallen Trees and Branches&lt;/li&gt;&lt;li&gt;Flash Flooding&lt;/li&gt;&lt;li&gt;Landslips&lt;/li&gt;&lt;li&gt;Overflowing drains and gutters&lt;/li&gt;&lt;li&gt;Broken Windows&lt;/li&gt;&lt;li&gt;Damage to vehicles&lt;/li&gt;&lt;/ul&gt;&lt;/font&gt;&lt;b&gt;What&amp;nbsp;You Should Do&amp;nbsp;&lt;/b&gt; &lt;br&gt;&lt;font size="2"&gt;&lt;ul&gt;&lt;li&gt;&lt;b&gt;Act Quickly - conditions can change rapidly&lt;/b&gt;&lt;/li&gt;&lt;li&gt;Check that loose items such as outdoor settings, umbrellas and trampolines are safely secured&lt;/li&gt;&lt;li&gt;Stay indoors and away from windows&lt;/li&gt;&lt;li&gt;Park your car undercover and away from trees&lt;/li&gt;&lt;li&gt;Keep clear of fallen trees and power lines&lt;/li&gt;&lt;li&gt;Be prepared for power outages&lt;/li&gt;&lt;li&gt;If it is safe to do so, check gutters, downpipes and drains are not blocked&lt;/li&gt;&lt;li&gt;If outdoors, shelter away from drains, gutters, creeks and waterways&lt;/li&gt;&lt;li&gt;Floodwater is toxic - never play or swim in floodwater&lt;/li&gt;&lt;li&gt;Floodwater is dangerous - never drive, walk or ride through floodwater&lt;/li&gt;&lt;/ul&gt;&lt;/font&gt;&lt;b&gt;Emergency Contacts&lt;/b&gt; &lt;br&gt;&lt;/font&gt;&lt;font class="Apple-style-span" size="2"&gt;&lt;font size="2"&gt;&lt;div style="font-family: Tahoma, Arial, sans-serif; font-size: 13px;" class="lineBreakFake"&gt;&lt;ul&gt;&lt;li&gt;For flood or storm emergency assistance from SES call 132 500&amp;nbsp; &lt;/li&gt;&lt;li&gt;For life-threatening emergencies call Triple Zero (000)&lt;/li&gt;&lt;/ul&gt;&lt;/div&gt;&lt;/font&gt;&lt;b&gt;Additional Information &lt;/b&gt;&lt;br&gt;&lt;/font&gt;&lt;/div&gt;
&lt;div style="font-family: Tahoma, Arial, sans-serif;"&gt;&lt;font class="Apple-style-span" size="2"&gt;&lt;/font&gt;&lt;/div&gt;
&lt;div style="font-family: Tahoma, Arial, sans-serif;"&gt;&lt;font class="Apple-style-span" size="2"&gt;&lt;table style="margin: 0px; padding: 2px; border: 0px currentColor; font-family: Tahoma, Arial, sans-serif; font-size: 100%; vertical-align: baseline; border-collapse: collapse; border-spacing: 0;" border="0" cellspacing="0" cellpadding="0" width="580"&gt;&lt;tbody&gt;&lt;tr&gt;&lt;td&gt;&lt;font size="2"&gt;Road Closures:&lt;/font&gt;&lt;/td&gt;&lt;td&gt;&lt;font size="2"&gt;&lt;a href="http://traffic.vicroads.vic.gov.au/" target="_top"&gt;vicroads.vic.gov.au&lt;/a&gt;&lt;/font&gt;&lt;/td&gt;&lt;td&gt;&lt;font size="2"&gt;phone 131 170&lt;/font&gt;&lt;/td&gt;&lt;/tr&gt;&lt;tr&gt;&lt;td&gt;&lt;font size="2"&gt;Storm Warnings and Information:&lt;/font&gt;&lt;/td&gt;&lt;td&gt;&lt;font size="2"&gt;&lt;a href="http://www.bom.gov.au/vic/warnings" target="_top"&gt;bom.gov.au&lt;/a&gt;&lt;/font&gt;&lt;/td&gt;&lt;td&gt;&lt;font size="2"&gt;phone 1300 659 217&lt;/font&gt;&lt;/td&gt;&lt;/tr&gt;&lt;tr&gt;&lt;td&gt;&lt;font size="2"&gt;SES Information:&lt;/font&gt;&lt;/td&gt;&lt;td&gt;&lt;font size="2"&gt;&lt;a href="http://www.ses.vic.gov.au/" target="_top"&gt;ses.vic.gov.au&lt;/a&gt;&lt;/font&gt;&lt;/td&gt;&lt;td&gt;&lt;br&gt;&lt;/td&gt;&lt;/tr&gt;&lt;/tbody&gt;&lt;/table&gt;&lt;br&gt;&lt;br&gt;&lt;/font&gt;&lt;font class="Apple-style-span" size="2"&gt;&lt;b&gt;Issued By&lt;/b&gt; &lt;br&gt;Victoria State Emergency Service &lt;/font&gt;&lt;font class="Apple-style-span" size="2"&gt;&lt;/font&gt;&lt;/div&gt;&lt;/font&gt;&lt;/font&gt;&lt;/div&gt;</webBody>
    <socialBody>Severe Thunderstorm Warning for Damaging Winds, Heavy Rain, Large Hailstones for the Mallee and parts of the Wimmera Districts. 

Act now to prepare your home or business. 
Visit www.ses.vic.gov.au/warnings for more information.</socialBody>
    <webFooter/>
    <messageLink>https://ses.secure.whispir.com</messageLink>
    <scrambledMessageId>19079464</scrambledMessageId>
    <attributeEffectiveDate>04/11/15 03:45:29 PM</attributeEffectiveDate>
    <attributeExpiryDate>04/11/15 07:25:00 PM</attributeExpiryDate>
    <attributeSource>VICSES</attributeSource>
    <attributeSenderName>state1@ses.vic.gov.au</attributeSenderName>
    <attributeCategory>Met</attributeCategory>
    <attributeEvent/>
    <attributeResponseType/>
    <attributeUrgency>Unknown</attributeUrgency>
    <attributeSeverity>Unknown</attributeSeverity>
    <attributeCertainty>Unknown</attributeCertainty>
    <attributeHeadline>@@eventtype@@ Warning for @@subcategory@@ for @@location@@</attributeHeadline>
    <attributeDescription>Severe thunderstorms are likely to produce damaging winds and heavy rainfall that may lead to flash flooding and large hailstones over the next several hours. Locations which may be affected include Mildura, Ouyen, Swan Hill, Murrayville, Rainbow and Walpeup.&amp;nbsp; Building DamageFallen Power LinesFallen Trees and BranchesFlash FloodingLandslipsOverflowing drains and guttersBroken WindowsDamage to vehicles</attributeDescription>
    <attributeInstruction>Act Quickly - conditions can change rapidlyCheck that loose items such as outdoor settings, umbrellas and trampolines are safely securedStay indoors and away from windowsPark your car undercover and away from treesKeep clear of fallen trees and power linesBe prepared for power outagesIf it is safe to do so, check gutters, downpipes and drains are not blockedIf outdoors, shelter away from drains, gutters, creeks and waterwaysFloodwater is toxic - never play or swim in floodwaterFloodwater is dangerous - never drive, walk or ride through floodwater  


For flood or storm emergency assistance from SES call 132 500&amp;nbsp; 
For life-threatening emergencies call Triple Zero (000)  


Road Closures:
vicroads.vic.gov.au
phone 131 170

Storm Warnings and Information:
bom.gov.au
phone 1300 659 217

SES Information:
ses.vic.gov.au</attributeInstruction>
    <attributeSize/>
    <attributeSizeHectares/>
    <attributeSpeed/>
    <attributeInfoUrl>http://www.ses.vic.gov.au/</attributeInfoUrl>
    <attributeLocation>the Mallee and parts of the Wimmera Districts</attributeLocation>
    <attributeAreaDescription>the Mallee and parts of the Wimmera Districts</attributeAreaDescription>
    <attributeAuthorisedBy>Duncan Given</attributeAuthorisedBy>
    <attributeAreaLocation/>
    <attributeMessageStatus>Actual</attributeMessageStatus>
    <attributeMessageType>Alert</attributeMessageType>
    <attributeScope>Public</attributeScope>
    <attributeSentDate/>
    <attributeLanguage>en-AU</attributeLanguage>
    <attributeAudience/>
    <attributeEventCode/>
    <attributeOnsetDate>04/11/2015 15:45:29</attributeOnsetDate>
    <attributeContactInfo>media@ses.vic.gov.au</attributeContactInfo>
    <attributeIncidentName/>
    <attributeSewsRequired/>
    <attributeSewsFrequency>5 minutes</attributeSewsFrequency>
    <attributeRegion>Loddon Mallee (North West),Grampians (Mid West)</attributeRegion>
    <attributeMessageCategory/>
    <attributeEventType>Severe Thunderstorm</attributeEventType>
    <attributeSort>24</attributeSort>
    <attributeAuthoredBy>Marc Dorey</attributeAuthoredBy>
    <attributeSewsInstructions/>
    <attributeSewsCancellation/>
<incidentEvent/></Message></Messages>