<?xml version='1.0' encoding='UTF-8'?><kml xmlns='http://schemas.opengis.net/kml/2.2.0'><Document><name>CFS Current Incidents</name><open>1</open><description>Incidents attended by CFS today</description><Style id='FireOpenIcon'><IconStyle><Icon><href>http://www.cfs.sa.gov.au/custom/criimson/icons/icon-bushfire-open.png</href></Icon></IconStyle></Style><Style id='FireSafeIcon'><IconStyle><Icon><href>http://www.cfs.sa.gov.au/custom/criimson/icons/icon-bushfire-safe.png</href></Icon></IconStyle></Style><Style id='FireClosedIcon'><IconStyle><Icon><href>http://www.cfs.sa.gov.au/custom/criimson/icons/icon-bushfire-closed.png</href></Icon></IconStyle></Style><Style id='OtherOpenIcon'><IconStyle><Icon><href>http://www.cfs.sa.gov.au/custom/criimson/icons/icon-other-open.png</href></Icon></IconStyle></Style><Style id='OtherSafeIcon'><IconStyle><Icon><href>http://www.cfs.sa.gov.au/custom/criimson/icons/icon-other-safe.png</href></Icon></IconStyle></Style><Style id='OtherClosedIcon'><IconStyle><Icon><href>http://www.cfs.sa.gov.au/custom/criimson/icons/icon-other-closed.png</href></Icon></IconStyle></Style><Style id='FloodOpenIcon'><IconStyle><Icon><href>http://www.cfs.sa.gov.au/custom/criimson/icons/icon-flood-open.png</href></Icon></IconStyle></Style><Style id='FloodSafeIcon'><IconStyle><Icon><href>http://www.cfs.sa.gov.au/custom/criimson/icons/icon-flood-safe.png</href></Icon></IconStyle></Style><Style id='FloodClosedIcon'><IconStyle><Icon><href>http://www.cfs.sa.gov.au/custom/criimson/icons/icon-flood-closed.png</href></Icon></IconStyle></Style><Style id='GasOpenIcon'><IconStyle><Icon><href>http://www.cfs.sa.gov.au/custom/criimson/icons/icon-gas-open.png</href></Icon></IconStyle></Style><Style id='GasSafeIcon'><IconStyle><Icon><href>http://www.cfs.sa.gov.au/custom/criimson/icons/icon-gas-safe.png</href></Icon></IconStyle></Style><Style id='GasClosedIcon'><IconStyle><Icon><href>http://www.cfs.sa.gov.au/custom/criimson/icons/icon-gas-closed.png</href></Icon></IconStyle></Style><Style id='HazmatOpenIcon'><IconStyle><Icon><href>http://www.cfs.sa.gov.au/custom/criimson/icons/icon-hazmat-open.png</href></Icon></IconStyle></Style><Style id='HazmatSafeIcon'><IconStyle><Icon><href>http://www.cfs.sa.gov.au/custom/criimson/icons/icon-hazmat-safe.png</href></Icon></IconStyle></Style><Style id='HazmatClosedIcon'><IconStyle><Icon><href>http://www.cfs.sa.gov.au/custom/criimson/icons/icon-hazmat-closed.png</href></Icon></IconStyle></Style><Style id='MarineOpenIcon'><IconStyle><Icon><href>http://www.cfs.sa.gov.au/custom/criimson/icons/icon-marine-open.png</href></Icon></IconStyle></Style><Style id='MarineSafeIcon'><IconStyle><Icon><href>http://www.cfs.sa.gov.au/custom/criimson/icons/icon-marine-safe.png</href></Icon></IconStyle></Style><Style id='MarineClosedIcon'><IconStyle><Icon><href>http://www.cfs.sa.gov.au/custom/criimson/icons/icon-marine-closed.png</href></Icon></IconStyle></Style><Style id='AirOpenIcon'><IconStyle><Icon><href>http://www.cfs.sa.gov.au/custom/criimson/icons/icon-air-open.png</href></Icon></IconStyle></Style><Style id='AirSafeIcon'><IconStyle><Icon><href>http://www.cfs.sa.gov.au/custom/criimson/icons/icon-air-safe.png</href></Icon></IconStyle></Style><Style id='AirClosedIcon'><IconStyle><Icon><href>http://www.cfs.sa.gov.au/custom/criimson/icons/icon-air-closed.png</href></Icon></IconStyle></Style><Style id='StructureOpenIcon'><IconStyle><Icon><href>http://www.cfs.sa.gov.au/custom/criimson/icons/icon-structure-open.png</href></Icon></IconStyle></Style><Style id='StructureSafeIcon'><IconStyle><Icon><href>http://www.cfs.sa.gov.au/custom/criimson/icons/icon-structure-safe.png</href></Icon></IconStyle></Style><Style id='StructureClosedIcon'><IconStyle><Icon><href>http://www.cfs.sa.gov.au/custom/criimson/icons/icon-structure-closed.png</href></Icon></IconStyle></Style><Style id='EarthquakeOpenIcon'><IconStyle><Icon><href>http://www.cfs.sa.gov.au/custom/criimson/icons/icon-earthquake-open.png</href></Icon></IconStyle></Style><Style id='EarthquakeSafeIcon'><IconStyle><Icon><href>http://www.cfs.sa.gov.au/custom/criimson/icons/icon-earthquake-safe.png</href></Icon></IconStyle></Style><Style id='EarthquakeClosedIcon'><IconStyle><Icon><href>http://www.cfs.sa.gov.au/custom/criimson/icons/icon-earthquake-closed.png</href></Icon></IconStyle></Style><Style id='ThunderOpenIcon'><IconStyle><Icon><href>http://www.cfs.sa.gov.au/custom/criimson/icons/icon-thunder-open.png</href></Icon></IconStyle></Style><Style id='ThunderSafeIcon'><IconStyle><Icon><href>http://www.cfs.sa.gov.au/custom/criimson/icons/icon-thunder-safe.png</href></Icon></IconStyle></Style><Style id='ThunderClosedIcon'><IconStyle><Icon><href>http://www.cfs.sa.gov.au/custom/criimson/icons/icon-thunder-closed.png</href></Icon></IconStyle></Style><Style id='VehicleOpenIcon'><IconStyle><Icon><href>http://www.cfs.sa.gov.au/custom/criimson/icons/icon-vehicle-open.png</href></Icon></IconStyle></Style><Style id='VehicleSafeIcon'><IconStyle><Icon><href>http://www.cfs.sa.gov.au/custom/criimson/icons/icon-vehicle-safe.png</href></Icon></IconStyle></Style><Style id='VehicleClosedIcon'><IconStyle><Icon><href>http://www.cfs.sa.gov.au/custom/criimson/icons/icon-vehicle-closed.png</href></Icon></IconStyle></Style><Style id='BurnOffOpenIcon'><IconStyle><Icon><href>http://www.cfs.sa.gov.au/custom/criimson/icons/icon-burnoff-open.png</href></Icon></IconStyle></Style><Style id='BurnOffSafeIcon'><IconStyle><Icon><href>http://www.cfs.sa.gov.au/custom/criimson/icons/icon-burnoff-safe.png</href></Icon></IconStyle></Style><Style id='BurnOffClosedIcon'><IconStyle><Icon><href>http://www.cfs.sa.gov.au/custom/criimson/icons/icon-burnoff-closed.png</href></Icon></IconStyle></Style><Folder><name>CFS Current Incidents</name><description>Incidents attended by CFS today</description><Placemark><name>HARTNETT ROAD, HAMLEY BRIDGE</name><description>Grass Fire&lt;br&gt;First Reported: Wednesday, 30 Dec 2015 11:08:00&lt;br&gt;Status: GOING&lt;br&gt;Region: 2</description><styleUrl>#FireOpenIcon</styleUrl><Point><altitudeMode>relativeToGround</altitudeMode><coordinates>138.692199161667,-34.378420687887,0.000000</coordinates></Point></Placemark><name>CFS Current Incidents</name><description>Incidents attended by CFS today</description><Placemark><name>DOWNERS ROAD, OAKBANK</name><description>Tree Down&lt;br&gt;First Reported: Wednesday, 30 Dec 2015 08:14:00&lt;br&gt;Status: COMPLETE&lt;br&gt;Region: 1</description><styleUrl>#OtherClosedIcon</styleUrl><Point><altitudeMode>relativeToGround</altitudeMode><coordinates>138.862032712265,-34.9782258913076,0.000000</coordinates></Point></Placemark><name>CFS Current Incidents</name><description>Incidents attended by CFS today</description><Placemark><name>PARK TERRACE, NARACOORTE SWIMMING LAKE</name><description>&lt;br&gt;First Reported: Wednesday, 30 Dec 2015 06:52:00&lt;br&gt;Status: COMPLETE&lt;br&gt;Region: 5</description><styleUrl>#OtherClosedIcon</styleUrl><Point><altitudeMode>relativeToGround</altitudeMode><coordinates>140.741510036197,-36.9499999621063,0.000000</coordinates></Point></Placemark><name>CFS Current Incidents</name><description>Incidents attended by CFS today</description><Placemark><name>LONG GULLY ROAD, MANNUM</name><description>Vehicle Accident&lt;br&gt;First Reported: Wednesday, 30 Dec 2015 01:21:00&lt;br&gt;Status: COMPLETE&lt;br&gt;Region: 3</description><styleUrl>#VehicleClosedIcon</styleUrl><Point><altitudeMode>relativeToGround</altitudeMode><coordinates>139.302205207182,-34.8900548596354,0.000000</coordinates></Point></Placemark><name>CFS Current Incidents</name><description>Incidents attended by CFS today</description><Placemark><name>HARWOOD PLACE, ANDREWS FARM</name><description>Vehicle Fire&lt;br&gt;First Reported: Wednesday, 30 Dec 2015 00:58:00&lt;br&gt;Status: COMPLETE&lt;br&gt;Region: 2</description><styleUrl>#VehicleClosedIcon</styleUrl><Point><altitudeMode>relativeToGround</altitudeMode><coordinates>138.672496777522,-34.6694431037938,0.000000</coordinates></Point></Placemark><name>CFS Current Incidents</name><description>Incidents attended by CFS today</description><Placemark><name>ONE TREE HILL ROAD, GOLDEN GROVE</name><description>Tree Down&lt;br&gt;First Reported: Wednesday, 30 Dec 2015 00:49:00&lt;br&gt;Status: COMPLETE&lt;br&gt;Region: 2</description><styleUrl>#OtherClosedIcon</styleUrl><Point><altitudeMode>relativeToGround</altitudeMode><coordinates>138.743837547363,-34.7703996446701,0.000000</coordinates></Point></Placemark><name>CFS Current Incidents</name><description>Incidents attended by CFS today</description><Placemark><name>MURRAY STREET, NURIOOTPA</name><description>Other&lt;br&gt;First Reported: Wednesday, 30 Dec 2015 00:19:00&lt;br&gt;Status: COMPLETE&lt;br&gt;Region: 2</description><styleUrl>#OtherClosedIcon</styleUrl><Point><altitudeMode>relativeToGround</altitudeMode><coordinates>138.997354136532,-34.4676451938787,0.000000</coordinates></Point></Placemark><name>CFS Current Incidents</name><description>Incidents attended by CFS today</description><Placemark><name>ROBE ST/VICTORIA ST , ROBE</name><description>Vehicle Accident&lt;br&gt;First Reported: Wednesday, 30 Dec 2015 09:18:00&lt;br&gt;Status: COMPLETE&lt;br&gt;Region: 5</description><styleUrl>#VehicleClosedIcon</styleUrl><Point><altitudeMode>relativeToGround</altitudeMode><coordinates>139.762482431248,-37.1654727013661,0.000000</coordinates></Point></Placemark><name>CFS Current Incidents</name><description>Incidents attended by CFS today</description><Placemark><name>JAMES STREET, RIVERTON</name><description>Assist Resident&lt;br&gt;First Reported: Wednesday, 30 Dec 2015 09:12:00&lt;br&gt;Status: COMPLETE&lt;br&gt;Region: 2</description><styleUrl>#OtherClosedIcon</styleUrl><Point><altitudeMode>relativeToGround</altitudeMode><coordinates>138.741775208351,-34.1587499079478,0.000000</coordinates></Point></Placemark><name>CFS Current Incidents</name><description>Incidents attended by CFS today</description><Placemark><name>DUKES HIGHWAY, BORDERTOWN</name><description>Vehicle Accident&lt;br&gt;First Reported: Wednesday, 30 Dec 2015 07:53:00&lt;br&gt;Status: COMPLETE&lt;br&gt;Region: 5</description><styleUrl>#VehicleClosedIcon</styleUrl><Point><altitudeMode>relativeToGround</altitudeMode><coordinates>140.76268652932,-36.3016548740883,0.000000</coordinates></Point></Placemark><name>CFS Current Incidents</name><description>Incidents attended by CFS today</description><Placemark><name>VIRGO ROAD, WAIKERIE</name><description>Vehicle Fire&lt;br&gt;First Reported: Wednesday, 30 Dec 2015 07:06:00&lt;br&gt;Status: COMPLETE&lt;br&gt;Region: 3</description><styleUrl>#VehicleClosedIcon</styleUrl><Point><altitudeMode>relativeToGround</altitudeMode><coordinates>139.961768875477,-34.1762290700338,0.000000</coordinates></Point></Placemark><name>CFS Current Incidents</name><description>Incidents attended by CFS today</description><Placemark><name>ORLAND ROAD, TAILEM BEND</name><description>Rubbish Fire&lt;br&gt;First Reported: Wednesday, 30 Dec 2015 06:05:00&lt;br&gt;Status: COMPLETE&lt;br&gt;Region: 3</description><styleUrl>#OtherClosedIcon</styleUrl><Point><altitudeMode>relativeToGround</altitudeMode><coordinates>139.404351923427,-35.1832446377326,0.000000</coordinates></Point></Placemark><name>CFS Current Incidents</name><description>Incidents attended by CFS today</description><Placemark><name>JAMES STREET, CAMPBELLTOWN</name><description>Scrub and Grass Fire&lt;br&gt;First Reported: Wednesday, 30 Dec 2015 01:15:00&lt;br&gt;Status: COMPLETE&lt;br&gt;Region: MFS</description><styleUrl>#FireClosedIcon</styleUrl><Point><altitudeMode>relativeToGround</altitudeMode><coordinates>138.649420517738,-34.8829837547268,0.000000</coordinates></Point></Placemark><name>CFS Current Incidents</name><description>Incidents attended by CFS today</description><Placemark><name>PORT WAKEFIELD HIGHWAY, PORT WAKEFIELD</name><description>Vehicle Accident&lt;br&gt;First Reported: Wednesday, 30 Dec 2015 00:05:00&lt;br&gt;Status: COMPLETE&lt;br&gt;Region: 2</description><styleUrl>#VehicleClosedIcon</styleUrl><Point><altitudeMode>relativeToGround</altitudeMode><coordinates>138.173963371299,-34.2041720905677,0.000000</coordinates></Point></Placemark></Folder></Document></kml>