<?xml version="1.0" encoding="UTF-8"?>
<cap:alert xmlns:cap="urn:oasis:names:tc:emergency:cap:1.2">
    <cap:identifier>AusBoM-IDD20320-2015-09-24T19:14:26+00:00</cap:identifier>
    <cap:sender>CAP.Message@bom.gov.au</cap:sender>
    <cap:sent>2015-09-24T19:14:26+00:00</cap:sent>
    <cap:status>Actual</cap:status>
    <cap:msgType>Update</cap:msgType>
    <cap:source>Northern Territory, Northern Territory Regional Office</cap:source>
    <cap:scope>Public</cap:scope>
    <cap:code>urn:oasis:names:tc:emergency:cap:1.2:profile:CAP-AU:1.0</cap:code>
    <cap:references>CAP.Message@bom.gov.au,AusBoM-IDD20320-2015-09-24T06:29:40+00:00,2015-09-24T06:29:40+00:00</cap:references>
    <cap:info>
        <cap:language>en-AU</cap:language>
        <cap:category>Met</cap:category>
        <cap:event>Fire Weather</cap:event>
        <cap:urgency>Unknown</cap:urgency>
        <cap:severity>Severe</cap:severity>
        <cap:certainty>Unknown</cap:certainty>
        <cap:eventCode>
            <cap:valueName>https://govshare.gov.au/xmlui/handle/10772/6495</cap:valueName>
            <cap:value>fireWeather</cap:value>
        </cap:eventCode>
        <cap:effective>2015-09-25T04:00:00+09:30</cap:effective>
        <cap:expires>2015-09-26T00:00:00+09:30</cap:expires>
        <cap:senderName>Australian Government Bureau of Meteorology</cap:senderName>
        <cap:headline>Severe Fire Weather Warning for Carpentaria East and Gregory North West fire areas for 25 September</cap:headline>
        <cap:description>Bushfires NT and NT Fire and Rescue Service advise that fires will be very difficult to control, unpredictable, fast moving and very dangerous. Measures to ensure survival should be the primary consideration.</cap:description>
        <cap:web>http://www.bom.gov.au/australia/warnings</cap:web>
        <cap:contact>http://www.bom.gov.au/inside/contacts.shtml</cap:contact>
        <cap:area>
            <cap:areaDesc>Northern Territory: Carpentaria East and Gregory North West</cap:areaDesc>
            <cap:geocode>
                <cap:valueName>http://www.iso.org/iso/country_codes.html</cap:valueName>
                <cap:value>AU-NT</cap:value>
            </cap:geocode>
            <cap:geocode>
                <cap:valueName>AMOC-AreaCode</cap:valueName>
                <cap:value>NT_FW009</cap:value>
            </cap:geocode>
            <cap:geocode>
                <cap:valueName>AMOC-AreaCode</cap:valueName>
                <cap:value>NT_FW010</cap:value>
            </cap:geocode>
        </cap:area>
    </cap:info>
</cap:alert>
