<?xml version="1.0" encoding="UTF-8"?>
<cap:alert xmlns:cap="urn:oasis:names:tc:emergency:cap:1.2">
    <cap:identifier>AusBoM-IDV20600-2015-10-04T23:58:25+00:00</cap:identifier>
    <cap:sender>CAP.Message@bom.gov.au</cap:sender>
    <cap:sent>2015-10-04T23:58:25+00:00</cap:sent>
    <cap:status>Actual</cap:status>
    <cap:msgType>Update</cap:msgType>
    <cap:source>Victoria, Victoria Regional Office</cap:source>
    <cap:scope>Public</cap:scope>
    <cap:code>urn:oasis:names:tc:emergency:cap:1.2:profile:CAP-AU:1.0</cap:code>
    <cap:references>CAP.Message@bom.gov.au,AusBoM-IDV20600-2015-10-04T05:47:47+00:00,2015-10-04T05:47:47+00:00 CAP.Message@bom.gov.au,AusBoM-IDV20600-2015-10-04T11:34:21+00:00,2015-10-04T11:34:21+00:00 CAP.Message@bom.gov.au,AusBoM-IDV20600-2015-10-04T18:10:44+00:00,2015-10-04T18:10:44+00:00</cap:references>
    <cap:info>
        <cap:language>en-AU</cap:language>
        <cap:category>Met</cap:category>
        <cap:event>Wind</cap:event>
        <cap:urgency>Unknown</cap:urgency>
        <cap:severity>Moderate</cap:severity>
        <cap:certainty>Unknown</cap:certainty>
        <cap:eventCode>
            <cap:valueName>https://govshare.gov.au/xmlui/handle/10772/6495</cap:valueName>
            <cap:value>wind</cap:value>
        </cap:eventCode>
        <cap:effective>2015-10-06T00:00:00+11:00</cap:effective>
        <cap:expires>2015-10-07T00:00:00+11:00</cap:expires>
        <cap:senderName>Australian Government Bureau of Meteorology</cap:senderName>
        <cap:headline>Gale Force Wind Warning for coastal waters between Cape Otway and Wilsons Promontory and for Port Phillip for 06 October</cap:headline>
        <cap:description/>
        <cap:web>http://www.bom.gov.au/australia/warnings</cap:web>
        <cap:contact>http://www.bom.gov.au/inside/contacts.shtml</cap:contact>
        <cap:area>
            <cap:areaDesc>Victoria: Port Phillip and Central Coast</cap:areaDesc>
            <cap:geocode>
                <cap:valueName>http://www.iso.org/iso/country_codes.html</cap:valueName>
                <cap:value>AU-VIC</cap:value>
            </cap:geocode>
            <cap:geocode>
                <cap:valueName>AMOC-AreaCode</cap:valueName>
                <cap:value>VIC_MW002</cap:value>
            </cap:geocode>
            <cap:geocode>
                <cap:valueName>AMOC-AreaCode</cap:valueName>
                <cap:value>VIC_MW005</cap:value>
            </cap:geocode>
        </cap:area>
    </cap:info>
    <cap:info>
        <cap:language>en-AU</cap:language>
        <cap:category>Met</cap:category>
        <cap:event>Wind</cap:event>
        <cap:urgency>Unknown</cap:urgency>
        <cap:severity>Moderate</cap:severity>
        <cap:certainty>Unknown</cap:certainty>
        <cap:eventCode>
            <cap:valueName>https://govshare.gov.au/xmlui/handle/10772/6495</cap:valueName>
            <cap:value>wind</cap:value>
        </cap:eventCode>
        <cap:effective>2015-10-05T10:00:00+11:00</cap:effective>
        <cap:expires>2015-10-06T00:00:00+11:00</cap:expires>
        <cap:senderName>Australian Government Bureau of Meteorology</cap:senderName>
        <cap:headline>Strong Wind Warning for coastal waters between SA-VIC Border and Cape Otway for 05 October</cap:headline>
        <cap:description/>
        <cap:web>http://www.bom.gov.au/australia/warnings</cap:web>
        <cap:contact>http://www.bom.gov.au/inside/contacts.shtml</cap:contact>
        <cap:area>
            <cap:areaDesc>Victoria: West Coast</cap:areaDesc>
            <cap:geocode>
                <cap:valueName>http://www.iso.org/iso/country_codes.html</cap:valueName>
                <cap:value>AU-VIC</cap:value>
            </cap:geocode>
            <cap:geocode>
                <cap:valueName>AMOC-AreaCode</cap:valueName>
                <cap:value>VIC_MW001</cap:value>
            </cap:geocode>
        </cap:area>
    </cap:info>
    <cap:info>
        <cap:language>en-AU</cap:language>
        <cap:category>Met</cap:category>
        <cap:event>Wind</cap:event>
        <cap:urgency>Unknown</cap:urgency>
        <cap:severity>Moderate</cap:severity>
        <cap:certainty>Unknown</cap:certainty>
        <cap:eventCode>
            <cap:valueName>https://govshare.gov.au/xmlui/handle/10772/6495</cap:valueName>
            <cap:value>wind</cap:value>
        </cap:eventCode>
        <cap:effective>2015-10-06T00:00:00+11:00</cap:effective>
        <cap:expires>2015-10-07T00:00:00+11:00</cap:expires>
        <cap:senderName>Australian Government Bureau of Meteorology</cap:senderName>
        <cap:headline>Strong Wind Warning for coastal waters between SA-VIC Border and Cape Otway and between Wilsons Promontory and 60nm east of Gabo Island and for Western Port and Gippsland Lakes for 06 October</cap:headline>
        <cap:description/>
        <cap:web>http://www.bom.gov.au/australia/warnings</cap:web>
        <cap:contact>http://www.bom.gov.au/inside/contacts.shtml</cap:contact>
        <cap:area>
            <cap:areaDesc>Victoria: Western Port, Gippsland Lakes, West Coast, Central Gippsland Coast and East Gippsland Coast</cap:areaDesc>
            <cap:geocode>
                <cap:valueName>http://www.iso.org/iso/country_codes.html</cap:valueName>
                <cap:value>AU-VIC</cap:value>
            </cap:geocode>
            <cap:geocode>
                <cap:valueName>AMOC-AreaCode</cap:valueName>
                <cap:value>VIC_MW001</cap:value>
            </cap:geocode>
            <cap:geocode>
                <cap:valueName>AMOC-AreaCode</cap:valueName>
                <cap:value>VIC_MW003</cap:value>
            </cap:geocode>
            <cap:geocode>
                <cap:valueName>AMOC-AreaCode</cap:valueName>
                <cap:value>VIC_MW004</cap:value>
            </cap:geocode>
            <cap:geocode>
                <cap:valueName>AMOC-AreaCode</cap:valueName>
                <cap:value>VIC_MW006</cap:value>
            </cap:geocode>
            <cap:geocode>
                <cap:valueName>AMOC-AreaCode</cap:valueName>
                <cap:value>VIC_MW007</cap:value>
            </cap:geocode>
        </cap:area>
    </cap:info>
</cap:alert>
