<?xml version="1.0" encoding="UTF-8"?>
<cap:alert xmlns:cap="urn:oasis:names:tc:emergency:cap:1.2">
    <cap:identifier>AusBoM-IDW20100-2015-09-25T02:08:13+00:00</cap:identifier>
    <cap:sender>CAP.Message@bom.gov.au</cap:sender>
    <cap:sent>2015-09-25T02:08:13+00:00</cap:sent>
    <cap:status>Actual</cap:status>
    <cap:msgType>Update</cap:msgType>
    <cap:source>Western Australia, Western Australia Regional Office</cap:source>
    <cap:scope>Public</cap:scope>
    <cap:code>urn:oasis:names:tc:emergency:cap:1.2:profile:CAP-AU:1.0</cap:code>
    <cap:references>CAP.Message@bom.gov.au,AusBoM-IDW20100-2015-09-24T20:00:54+00:00,2015-09-24T20:00:54+00:00</cap:references>
    <cap:info>
        <cap:language>en-AU</cap:language>
        <cap:category>Met</cap:category>
        <cap:event>Wind</cap:event>
        <cap:urgency>Unknown</cap:urgency>
        <cap:severity>Moderate</cap:severity>
        <cap:certainty>Unknown</cap:certainty>
        <cap:eventCode>
            <cap:valueName>https://govshare.gov.au/xmlui/handle/10772/6495</cap:valueName>
            <cap:value>wind</cap:value>
        </cap:eventCode>
        <cap:effective>2015-09-26T00:00:00+08:00</cap:effective>
        <cap:expires>2015-09-27T00:00:00+08:00</cap:expires>
        <cap:senderName>Australian Government Bureau of Meteorology</cap:senderName>
        <cap:headline>Strong Wind Warning for coastal waters between Cape Cuvier and Jurien Bay and between Cape Naturaliste and Walpole for 26 September</cap:headline>
        <cap:description/>
        <cap:web>http://www.bom.gov.au/australia/warnings</cap:web>
        <cap:contact>http://www.bom.gov.au/inside/contacts.shtml</cap:contact>
        <cap:area>
            <cap:areaDesc>Western Australia: Gascoyne Coast, Geraldton Coast and Leeuwin Coast</cap:areaDesc>
            <cap:geocode>
                <cap:valueName>http://www.iso.org/iso/country_codes.html</cap:valueName>
                <cap:value>AU-WA</cap:value>
            </cap:geocode>
            <cap:geocode>
                <cap:valueName>AMOC-AreaCode</cap:valueName>
                <cap:value>WA_MW006</cap:value>
            </cap:geocode>
            <cap:geocode>
                <cap:valueName>AMOC-AreaCode</cap:valueName>
                <cap:value>WA_MW007</cap:value>
            </cap:geocode>
            <cap:geocode>
                <cap:valueName>AMOC-AreaCode</cap:valueName>
                <cap:value>WA_MW011</cap:value>
            </cap:geocode>
        </cap:area>
    </cap:info>
</cap:alert>
