<?xml version="1.0" encoding="utf-8"?>
<alerts>
    <alert xmlns="urn:oasis:names:tc:emergency:cap:1.2">
        <identifier>L15120110</identifier>
        <sender>lsvcomms@lifesavingvictoria.com.au</sender>
        <sent>2015-12-10T15:22:55+11:00</sent>
        <status>Actual</status>
        <msgType>Alert</msgType>
        <scope>Public</scope>
        <code>urn:oasis:names:tc:emergency:cap:1.2:profile:CAP-AU:1.0</code>
        <info>
            <category>Other</category>
            <event>Dangerous Animal</event>
            <urgency>Immediate</urgency>
            <severity>Severe</severity>
            <certainty>Observed</certainty>
            <eventCode>
                <valueName>https://govshare.gov.au/xmlui/handle/10772/6495</valueName>
                <value>animalDanger</value>
            </eventCode>
            <senderName>Life Saving Victoria</senderName>
            <headline>Shark sighting</headline>
            <description/>
            <area>
                <areaDesc>Incident Location</areaDesc>
                <circle>-38.669369,145.669647 0.0</circle>
            </area>
        </info>
    </alert>
    <alert xmlns="urn:oasis:names:tc:emergency:cap:1.2">
        <identifier>L15120111</identifier>
        <sender>lsvcomms@lifesavingvictoria.com.au</sender>
        <sent>2015-12-10T17:01:35+11:00</sent>
        <status>Actual</status>
        <msgType>Alert</msgType>
        <scope>Public</scope>
        <code>urn:oasis:names:tc:emergency:cap:1.2:profile:CAP-AU:1.0</code>
        <info>
            <category>Other</category>
            <event>Dangerous Animal</event>
            <urgency>Immediate</urgency>
            <severity>Severe</severity>
            <certainty>Observed</certainty>
            <eventCode>
                <valueName>https://govshare.gov.au/xmlui/handle/10772/6495</valueName>
                <value>thunderstorm</value>
            </eventCode>
            <senderName>Life Saving Victoria</senderName>
            <headline>Unconfirmed shark sighting</headline>
            <description/>
            <area>
                <areaDesc>Incident Location</areaDesc>
                <circle>-38.766216,143.385941 0.0</circle>
            </area>
        </info>
    </alert>
</alerts>
